class,subclass,moisture_pct,conductivity_mS_cm,ferrous_flag,eddy_index,transparency_0_1,specularity_0_1,density_g_per_l,compliance_N_per_mm,acoustic_peak_hz,acoustic_decay_ms,nir_organic_idx,uv_fluor_0_1,surface_wetness_0_1,color_texture_entropy
landfill,contaminated_paper_plastic,25.682611348321565,0.0,0,0.14061719907638873,0.16305647860868,0.3123182223926586,253.7020781227143,1.5817414970581944,1473.6817017580624,418.30957922013783,0.5317084599126795,0.25695091416618376,0.33772865249521056,0.7028689257099829
landfill,film,11.364990879837501,0.48578530698702055,0,0.03518076818425515,0.6474739587127198,0.5036095789144669,227.00127463729234,0.8482060526764676,756.2161106207933,180.76239023444725,0.2195332166244344,0.3730751348648744,0.0,0.600780789284242
compostable,food,81.69372367622235,12.082820958747044,0,0.0,0.0,0.12558202365162657,376.85853574088605,0.4532571742536385,511.32998497942145,83.24231885891827,0.8143600977552726,0.11405511506783414,0.7096711622215179,0.36294401203753546
recyclable,metal_ferrous,9.792786681930572,483.9816233949855,1,0.10696204944065717,0.0008701648039238655,0.7774699499617362,1857.0212264411375,13.194144649527788,7473.495982581063,536.1366593022615,0.08351487171334104,0.03691208548894528,0.1444753161316674,0.009505554598936122
compostable,food,63.607213334016684,33.05905651869912,0,0.029866358017617785,0.0592418061847437,0.0813313775855029,534.037185529079,0.3560905434405565,524.4019629290723,134.00211345671988,0.812315208022028,0.16044913283999732,0.5945235362311169,0.5958013811403646
landfill,contaminated_paper_plastic,54.81816689116364,0.0,0,0.13953587056850353,0.16195393191612473,0.17028333695225226,230.3178887421304,0.7664419311591133,1520.4098994528579,121.6680809501,0.1059044020345723,0.30588749311820207,0.1786909895426922,0.7745183860785984
compostable,paper/cardboard,41.8541528746305,2.4873144474054287,0,0.0,0.030723019963953505,0.11211793962557277,309.9481785726546,0.9494738895267971,1023.5159797438799,30.0,0.651451850789776,0.04487352469067396,0.3115488982441261,0.4192928362264792
landfill,styrofoam,1.4884142270272864,0.10008806727832438,0,0.0026673224266213396,0.018234731518916768,0.2664095803178156,53.520382985988455,1.0008938881407896,394.4198466765587,86.59935617678101,0.18920861481242468,0.16272449121957433,0.10276073001907687,0.29636063828322284
recyclable,metal_ferrous,4.631972021346765,550.576604967302,1,0.10024579018742194,0.0,0.6959129568584357,1000.333327941625,12.102088759040043,7736.52502694789,656.3183786440879,0.07502710317402972,0.10811297987528334,0.056832702341029474,0.2894910556026825
landfill,film,15.913694597314409,0.5761977984653351,0,0.03624864998015996,0.6185918221793337,0.7246832746431999,174.80232174782375,0.9273058914550353,1362.9284380478157,158.856045308071,0.35608000718059474,0.4149342065107462,0.06671429774480886,0.43710552438874406
landfill,film,23.23453025595962,0.4980943391576946,0,0.08748207493082669,0.056981330563492194,0.67197467834648,149.5395561789298,1.3259645353954213,1465.9471192391397,143.94708136848496,0.18991703609040853,0.39695442732692415,0.23917219010707702,0.4690822569708536
compostable,food,78.92312848516995,10.247195769529085,0,0.03658811162366979,0.0,0.16884916464868527,542.503823266436,0.1303534385550396,728.7508086413858,78.46241018736035,0.7867769668879359,0.12429473062743995,1.0,0.6218239506070194
compostable,food,75.87981560626085,1.680312802071569,0,0.0,0.03321076503549359,0.2835217220231514,418.8490378363674,0.12421426172047345,450.85138718281115,63.18191075630824,0.6042490685646742,0.07619935934375315,0.6653598204686982,0.6835447637776102
landfill,film,15.463783424349083,0.4655696254373719,0,0.0028670417113810867,0.2987821417616223,0.34605237747205686,136.5192059022078,1.4375106072554549,1098.2948249424496,191.56485528556718,0.3955401337726192,0.191797222144455,0.21641681445003436,0.9256789291593742
compostable,paper/cardboard,29.197262193841553,0.7756661656903585,0,0.029824153308239926,0.062098531012650685,0.1702421959535736,366.56878365522044,0.4362575649970828,1229.5755812131674,91.81701310823354,0.6870805484350255,0.16929190149342613,0.34436440325307777,0.24031980448326118
compostable,food,59.99510719236339,16.836122610842935,0,0.037646661246468184,0.027395483358345983,0.11239662817923987,481.9053875582458,0.39082006598985114,486.7734770748355,122.49304472916288,0.8002379439403202,0.054916189358514444,0.6028687291547261,0.6893030365799924
recyclable,metal_nonferrous,15.38421742990682,357.6570758346983,0,0.7274477700222352,0.0,0.9338294561518825,827.2040301847844,9.62040226075882,4907.610789686059,691.2264397328224,0.06873099017847979,0.0,0.13533300513488486,0.07662699751897714
recyclable,paper/cardboard,7.178849180151712,0.0,0,0.007719236769011777,0.10613484588954478,0.30405003208447673,398.1024913588201,1.7137025394958103,933.0465687176575,86.37271546142884,0.7003302149657149,0.5254691761911507,0.15918812622455847,0.2051562856550683
landfill,film,9.311466427954077,0.5075219737756924,0,0.0,0.26244314103491384,0.42813798817773824,127.53659800758516,0.43674337261012597,886.5825496707673,49.135156256112765,0.30487004763949005,0.26762297216329084,0.0,0.474775513417999
recyclable,metal_ferrous,17.596825640682738,705.4713813330006,1,0.06599621953697937,0.0016540366029970425,0.7532587701915293,1454.914858133369,14.525342324352039,5738.5359642609965,220.23460256237797,0.06318681976657223,0.042912122298623075,0.11084507331317674,0.27285186435145364
compostable,paper/cardboard,42.04714896157012,1.5887442927135047,0,0.021656651410362,0.043591404951509226,0.3023695948384585,393.6055637912318,0.904091534410813,566.3473482724419,80.3581842255538,0.7547602116873044,0.20882470127354674,0.5379699237152364,0.6184879583271279
recyclable,glass,6.799470224765629,0.1554441011391049,0,0.04403070311576656,0.954848473025077,0.8171101971669559,585.8586660136411,12.223007628517184,4213.657348543864,882.1612633320301,0.04375138671811156,0.21703758966488065,0.12509785463175258,0.03153952080803471
recyclable,plastic,9.396469099911746,0.015945357265047144,0,0.0,0.4652197855334808,0.6594848219769652,197.93280320828347,0.6889777154383604,773.740409648473,134.2955597816051,0.2718124617319795,0.5761155390944628,0.16313993688969186,0.2731362836732605
compostable,paper/cardboard,50.53982701780347,3.088440704680694,0,0.03691605745125856,0.10570312762123879,0.14771811875757668,368.0908207421826,0.6422019724562953,1163.4728880739708,60.13692650584912,0.7428642629435787,0.07858152498886092,0.433008347461164,0.4949112161108137
compostable,food,78.22310734635909,24.227747411300253,0,0.030156715125792474,0.07691480395248165,0.23580058698478418,406.20567245485375,0.2901975831652484,291.0381611957933,20.841085265599958,0.9844965703952258,0.0027754143994821734,0.6668119564621342,0.5667824040133295
compostable,paper/cardboard,26.37068658260977,6.099624191571852,0,0.020013656379149654,0.11910650007657296,0.12463704328327127,229.8132348400525,1.632793923699977,562.605947112117,79.61965580236821,0.7227221928857785,0.19336471222080628,0.3231360072475765,0.5593729671643884
recyclable,plastic,0.2314683818481802,0.49865384599195817,0,0.08175500057989626,0.6300339210400996,0.34789050886433553,150.6492332093227,1.4792178467998152,1694.8872778521709,198.36536813012435,0.2115402817825632,0.4095410851768825,0.0859405820852773,0.5434114873593269
recyclable,glass,17.36547809169941,0.5487170551486515,0,0.02319172601586227,0.8820000004490853,0.9288790660880288,459.1908252741287,10.95506846893532,3679.5444280614875,745.6179528140591,0.07008479523685349,0.14860180906426934,0.09916278967578165,0.06658288547222094
compostable,paper/cardboard,43.44128159766673,6.309857354766284,0,0.013694066894277513,0.03294886496668105,0.19722585307214863,227.7947975574411,1.7927843073746144,829.1954902636919,75.86059080315025,0.6822947423079105,0.2662100908165969,0.3263379525152772,0.4037499769804427
recyclable,glass,15.710281406564485,0.8012367181411817,0,0.06120173672380168,0.7684904034346611,0.6772229020876365,664.9960169690614,8.034718059784646,5413.6988026328745,773.7564625595503,0.18427436652599077,0.22320876406276605,0.10477535044637891,0.19061829194402163
compostable,paper/cardboard,20.852918104420098,1.5606610952980797,0,0.03219052090417203,0.002231313307937882,0.19405915651809966,309.07119653803255,1.2165149822349757,1159.2897246645607,98.36096287121303,0.8382457518685155,0.060769258128715656,0.3703886850827522,0.5126700179584921
landfill,film,6.009506631811384,0.6653093525057912,0,0.17012399374371567,0.495517763910601,0.3848929044080883,127.97314979566134,0.9157945030762892,960.2300197457171,194.18349000421597,0.27174734830142244,0.4161778577364805,0.1934001177464267,0.7988250329581885
recyclable,plastic,11.836088666521864,0.9353788704960448,0,0.015750641042812617,0.7102363527976366,0.7648103234020025,305.8730161928356,1.849082938494881,723.000923615292,152.22887837361202,0.1075433940066468,0.3135309608747467,0.14860029652937257,0.47492715045749506
recyclable,plastic,8.079013628602226,0.04969078250728942,0,0.06149621727089688,0.7055595261755431,0.5401550675394368,282.5086495845212,1.536660938109298,1918.184096192901,149.92900499615132,0.23049957241296792,0.3426908782978646,0.07326514165715947,0.46660747708062417
compostable,paper/cardboard,51.88321695070101,1.0317630108303646,0,0.039105384744144114,0.07806285525052285,0.13741544647244636,353.3277276585985,1.3638544474735974,989.2431898167315,92.03196055140496,0.7169685534626535,0.4666046391444526,0.5276384967794259,0.6084240342478269
recyclable,glass,15.108735535873414,1.1959604438399594,0,0.03065666463494504,0.8753561605587292,0.7810027238506116,718.7847290499869,9.135129157115003,4612.993727986033,539.6671186296533,0.17270547154695515,0.031124786780911712,0.0,0.3114226575703579
recyclable,metal_ferrous,10.439732205336044,574.1056298563748,1,0.06916031419640903,0.0,0.7484350476222142,1622.6729118010114,15.146592425626086,6964.940312975218,716.2672682383629,0.03863411542977841,0.04868696033650739,0.05003916359291381,0.274698084010471
compostable,food,71.30666118056399,13.753202621311512,0,0.024987673674215106,0.1288726639881737,0.14237635740904384,483.4825830924407,0.6519741274291349,537.3218246312716,58.83915963623679,0.8355271994318646,0.15515422249018407,0.5460227050883409,0.6159563608976251
compostable,paper/cardboard,23.40504416296095,1.6492430882026186,0,0.029830112944935674,0.07953557192160922,0.20148867508803664,463.20669286638804,1.0628484553769744,969.5871586611675,77.26966593502164,0.6522912224090421,0.10981108158986762,0.2781862142717467,0.5539213696320688
recyclable,glass,11.067681180283316,0.0,0,0.09642989827669789,0.7421832615752477,0.6678247296009792,891.8797410394764,13.78172033589199,3307.6387971605336,1186.4149098053254,0.1102870728440809,0.2500514389307895,0.021229305038563573,0.23711412420380737
landfill,textile,15.573402764755713,0.9704924013809287,0,0.06390306962782984,0.11470108336128636,0.35644706320546266,116.2103960167929,0.9768244870228916,1793.7736153760916,99.56471279064046,0.3773051440345439,0.25593593232480705,0.06173527712112212,0.6503427857653723
compostable,food,66.86741556297473,28.107097980212984,0,0.02273070662165475,0.03173392243439457,0.16477442446919266,288.34484525643643,0.2570964903723371,740.082781588885,53.577643025715105,0.7362471213854448,0.11756569267691003,0.8778556231994494,0.686274397279808
landfill,contaminated_paper_plastic,24.866472071131756,7.829948828821447,0,0.07249446117804655,0.007908178195833754,0.22921421708572853,396.5937733867495,1.3856497110852302,1017.8485270946869,102.73716979446222,0.3572291163392243,0.26110409402445905,0.2808073934741497,0.5409883065140038
compostable,paper/cardboard,31.284203432143265,4.29205515002683,0,0.0,0.07916948288370455,0.17259268697516114,259.17272511674855,1.890490618254253,678.1676352860572,109.29490443089153,0.7485002230964867,0.3313823103042619,0.2499216372833742,0.39005466513143616
landfill,styrofoam,2.761736218109772,0.10099793941253411,0,0.0,0.040132242233266786,0.3609228841631207,71.34435810867745,0.601517649703397,811.7340746038069,73.31506291734001,0.19041325133349873,0.3848129388492838,0.21684988026248758,0.6333270889108404
compostable,paper/cardboard,24.4608409661184,2.199773908818426,0,0.02961489159535968,0.15483552037229908,0.14535241637423488,255.21847515217075,1.659868807551499,974.1442346325763,121.69128777969934,0.7430982402407869,0.041146005754407494,0.150030746783329,0.26727316264116063
compostable,paper/cardboard,54.620796734330234,4.623386898545322,0,0.0,0.06731619612288095,0.15583847061851425,344.0329081568695,1.4745414220058133,690.276831493566,91.69596284792344,0.5584058134275091,0.3530334006962268,0.27314386389849593,0.5083795909766745
compostable,food,82.55554610308334,5.368039912623422,0,0.008796379196060609,0.08736468025616309,0.19882962123467718,447.49180872430225,0.5293318458271955,755.532979157685,55.21071527910425,0.863767790493603,0.06584651432962742,0.6673478195159169,0.7318532222384628
compostable,food,69.94818623015685,14.318198855171303,0,0.06150801597290878,0.09355623517158462,0.1239181174265727,594.1456706596734,0.39798115674461215,100.0,44.7978422270649,0.6703366463179314,0.05539405611710839,0.7027627568784327,0.8011724774730339
compostable,paper/cardboard,38.75821368637976,0.7869932235685206,0,0.029118083903414055,0.05704548448905041,0.13137797415857988,196.10735985903142,0.49926847729931223,802.5190733601387,93.9513372480033,0.7122701063988088,0.13008396864631697,0.20813809089548282,0.5912369287527452
recyclable,plastic,0.0,0.0,0,0.0634653094781169,0.7798974728020738,0.4138487423402056,252.61517894697417,1.9066996779731844,676.3358065230718,199.925066895361,0.27012847038737436,0.29387859681391554,0.16766424536086058,0.6245620033784721
landfill,contaminated_paper_plastic,44.40992180410714,7.227791529362013,0,0.001218628869870668,0.0839540232592805,0.44471989088918107,176.66019077023387,1.460935777606403,300.0,136.12098992340665,0.7734156237767684,0.4378971655991529,0.4833587329061986,0.9882271842805628
compostable,paper/cardboard,23.302321088925897,3.2911754243483866,0,0.020387624753960505,0.0,0.23478408784215626,297.81904495172773,1.680980499193229,626.1823702892989,30.0,0.7423267086676147,0.21498764120183672,0.0963992558590322,0.3532250681200091
compostable,food,72.70766684879797,31.300923372903327,0,0.03569208575796048,0.04903698101328027,0.12896873366333858,452.69590713744554,0.6367797787938025,263.837436938231,97.8580423667218,0.8772305052352994,0.13027300079955542,0.765771360821459,0.6023539989232788
landfill,contaminated_paper_plastic,1.875829701798608,2.3896083626740467,0,0.1890509738718113,0.28751073736972865,0.53522072765943,400.7473134357774,1.2102412951198356,1698.34208004581,244.62558394534824,0.5470274694154966,0.28559760587651906,0.4844117844732518,0.6793966122831866
compostable,paper/cardboard,21.470046812563535,4.255817986507138,0,0.023089873311905023,0.06317237050609133,0.17860884552421818,290.34617107701524,1.6881131585670868,630.8302181322466,70.93701902133505,0.8029042313657984,0.10853580777793688,0.4850799615997387,0.7549153974513064
landfill,styrofoam,16.786079437238687,0.2109810969689237,0,0.0462850565540055,0.0,0.061214447252595144,37.59829734948931,1.2756519125813865,1239.0253974233835,66.53461638142099,0.14776037791683097,0.05972229077450006,0.0,0.6649458716442608
landfill,contaminated_paper_plastic,68.8512870825315,5.642818205113848,0,0.016948551780280298,0.6006013062294597,0.4827252755428671,378.814974427138,1.5552617899214949,1611.5055146488744,228.20886462172268,0.2516247783403083,0.4235058095122824,0.1850277392299522,0.7290764596304959
landfill,textile,43.116144868653606,0.3420418723344887,0,0.0,0.0,0.34901241445707265,156.10868397379585,0.947774158960161,1136.3193153653442,175.58242981014016,0.373070524903612,0.5481675290365677,0.24140169184867669,0.8274141720349985
compostable,paper/cardboard,22.786828291076564,0.0,0,0.01253463508117372,0.11222592458226457,0.2449771983941027,255.31214380662277,0.7386030296060864,966.9609094665833,69.41162573435376,0.6785397888911038,0.33903313085244446,0.47406731428486515,0.5236961468377177
compostable,paper/cardboard,43.35401596591147,0.9646148542615707,0,0.018238175119418533,0.18849682940402715,0.08034221541812538,133.3341541582807,1.5134358659194427,730.3392346764742,82.0440618064345,0.6575074897495108,0.1488239831078985,0.5897807168144511,0.6203192687927179
compostable,food,72.67408633472635,9.883881269515115,0,0.0,0.08177090151046132,0.05085932841172219,457.1919156319594,0.569344234489548,772.1317191677301,37.279490022022195,0.578439027534334,0.09286946813275865,0.970076677226628,0.7486735623527324
compostable,food,89.77049415785682,25.480114229668075,0,0.0312576172034871,0.006009282324897287,0.3089648889359553,386.28349226256427,0.41621555470713706,568.4675668979243,108.85401051786936,0.8883180781241778,0.10904058502533373,0.7694932795177158,0.6052217602372159
compostable,food,77.41318856057961,20.405235168060898,0,0.04211051865915968,0.10935151527801901,0.20109841776233478,312.83941047234197,0.908357883075274,270.7309213962624,77.56588663097583,0.7596579319984513,0.07551031573849053,0.749314361545522,0.6385628658540328
compostable,food,48.45765706404592,24.267469610370604,0,0.0,0.036667383538279266,0.11566044637610705,520.6263923724864,0.1004689120290631,592.4345332163886,120.60774058217132,0.7109460796325751,0.0932794317327277,0.6007026733305086,0.6511064647431642
landfill,styrofoam,3.4016276089818236,0.0,0,0.018897164411966448,0.04808693587679221,0.4116007601681375,67.46244794182019,0.20853056147588112,242.58083981750474,68.41582846986188,0.1362424805514443,0.31317910412002004,0.11911290677104265,0.7313901596957615
compostable,food,68.47890274639482,6.297233738582685,0,0.022128604553837937,0.037251139128957236,0.2703194390866151,131.88362299283858,0.7728767129806154,749.2170384995259,18.16524418979626,0.7925849924735721,0.053999139380294596,0.48887324579232677,0.5066619974890949
recyclable,metal_ferrous,18.266172855144724,678.5940768115103,1,0.038003000296720504,0.0,0.8426522604705463,1783.837222474987,11.923517614244401,6739.409431435772,608.7555436226844,0.05188423206289137,0.03283970365784812,0.0,0.2973726230852368
recyclable,metal_nonferrous,4.332937087884037,420.80089673515795,0,0.9082455328133127,0.0,0.8316479067810354,1006.8543628400445,4.957388622285639,6371.672134963203,656.1203186930451,0.097689176940722,0.0,0.20931115294835506,0.14622632953151593
recyclable,metal_ferrous,6.446367220529656,571.821089848692,1,0.08356683793792008,0.012744284266875815,0.8379828442252651,1929.5454628155455,13.072984099893269,7077.407167435086,735.9816235664946,0.07216756144713748,0.15289055885488811,0.0,0.14848291009079823
recyclable,metal_ferrous,4.330197579832645,767.7948501231317,1,0.05039130123130857,0.0,0.8422996150909263,1987.6181002979567,9.752484820190276,8578.609949128124,631.5744448382255,0.06518741854073958,0.17504502489671409,0.015548840816112297,0.1646314240432994
compostable,food,91.4839025419555,10.900411882978466,0,0.039057490944058776,0.13061391289943228,0.2551931562867238,646.7957435245671,0.6855318727679731,515.0867277803186,29.950854702570787,0.8003150009496041,0.020972738327866572,1.0,0.5788937025081196
landfill,contaminated_paper_plastic,27.723349710439074,6.711075777402445,0,0.03327926582962658,0.0,0.9748165396019828,291.94134382450164,1.267016478064005,751.0368184664768,203.46355457741478,0.42044151887253106,0.0,0.23594891199711676,0.8453911221208734
compostable,food,66.54787571348689,0.7323096290915228,0,0.0,0.08030049756728198,0.04756565180029734,660.5753018381238,0.05,839.2912736580076,75.27543668006545,0.8122629510503686,0.04185566392337352,0.7598704171528106,0.5954838357090182
compostable,food,95.83156563798299,13.583286267701183,0,0.006971639927711033,0.025805708297283923,0.12437221534445438,500.89991356823,0.6307088720088749,385.2599992122842,69.39113519347544,0.9913816286889491,0.2009280219070498,0.7654485504511048,0.604560417380184
recyclable,metal_ferrous,4.68093652791638,561.9072440404148,1,0.02738413658927116,0.003826535514774916,0.9287452781712269,1077.1684078356877,13.228315591926757,6667.9938739370255,617.0091587950034,0.08376982005022873,0.04058987806135894,0.09171305172753756,0.17861248324453613
compostable,food,57.04164893891905,6.799808524744814,0,0.018331240604192785,0.0,0.07625121494997494,329.5251153502202,0.551816832349736,513.86886740725,51.95656116656867,0.8341456697711518,0.04173239407889142,0.659251733451092,0.8008142508358245
compostable,food,68.52288383628766,5.773562196781499,0,0.023916905101953632,0.0010813611192483988,0.18266022045715774,245.68996749145916,0.7572889093314109,594.5194964826086,76.40074335784689,0.8986152787156411,0.19658321111238036,0.8521555097527195,0.37909509224020255
landfill,styrofoam,7.252571018777986,0.001072347852383665,0,0.019057486535897825,0.03668935247967542,0.36111593558226757,34.056714072685565,1.747333816960175,1014.0120236938782,39.479879466115065,0.13036797683795193,0.2979297252936727,0.23763440561714547,0.3464419796428859
landfill,film,23.55474729583956,0.0,0,0.05935741580304533,0.4001119984679391,0.6987615599545772,105.30127395089667,0.48019581397966393,829.5717138825562,105.68428722809404,0.33153241668090144,0.10281982402766801,0.1379294980073226,0.3316481414247838
landfill,contaminated_paper_plastic,66.4826184552866,0.8796196940420407,0,0.05879795525877049,0.2888781514641308,0.5260215991167465,252.96715090610337,1.0555784568916142,1525.7737456197533,203.98694849803806,0.4033874097418476,0.037624285655113776,0.3564152555333505,0.6124139803551051
compostable,food,72.07939224749978,9.601294429800955,0,0.058082731791460146,0.13129794576810316,0.3275024186758507,430.9145747519938,0.5739061221867737,196.67149011584178,106.92336065295686,0.7265776358985652,0.09517428946338403,0.5354046208550733,0.5293359807913565
landfill,film,26.645950598650096,0.5972782753959515,0,0.0,0.4496610951471969,0.6854470078733594,114.71348406454143,1.4446361234655494,1252.8134822864042,30.0,0.27996719773379264,0.21909562683809272,0.34669236661751246,0.7416322260377721
compostable,food,80.33523201864169,21.573051893165207,0,0.007804341913612355,0.04329914166635412,0.15117505557833577,355.8122024301312,0.6620701084609648,475.8103702784437,80.48831109767569,0.7490006257758319,0.04937791897736127,0.8083572036741656,0.5552600217489879
recyclable,metal_nonferrous,16.053080787469124,209.88683818106347,0,0.8018464527160337,0.00624903594654043,0.8154758859993437,1261.9730338867068,9.776964010724427,5778.538269376866,674.7727275221349,0.08297941444854048,0.040479563085976444,0.14129152316691038,0.1547471706783355
landfill,textile,35.722338272651605,1.864584791751771,0,0.0,0.19210531280479254,0.30466160632722955,197.91610639548426,0.1,889.2904363251758,77.49297537096702,0.1,0.21959187880192876,0.09234846056915524,1.0
landfill,textile,7.552085620383888,0.21543300739747706,0,0.05624969857841698,0.12447846196034998,0.2934588168346662,117.07883323858692,0.1,990.7582772462015,91.00432505085266,0.45235184029421194,0.680001319915458,0.33122656281892093,1.0
compostable,food,89.82938630186585,3.431570562807609,0,0.03360432210900899,0.10962537562389875,0.007712993279478636,488.3582191102773,0.3739550422480821,483.69546537967085,78.69191208845841,0.7810217148709158,0.03270043445868717,0.7051228626232037,0.46953048733646363
landfill,textile,34.2115931738807,1.2567191727957405,0,0.00014194460247717033,0.13990047592438523,0.42490586671861125,244.1694530812313,1.4285159182613723,1490.2360701929285,194.7979318642884,0.5613440191026491,0.2993464533564721,0.3909827551344136,0.5702018684483127
recyclable,glass,25.46898966023925,0.6634972566350488,0,0.004946264880832947,0.9822330440984337,0.9077777585198444,891.7436840701099,7.740874349061009,4344.862538291704,907.240980053894,0.13111426620122058,0.26845847970362885,0.10813785667774159,0.32980117703044276
recyclable,metal_nonferrous,12.215959990995835,536.1315135800611,0,0.7467445228085163,0.0036901643782516714,0.8099428555880681,1187.2112335872032,12.33081010879455,6036.571696704755,436.43951901419894,0.060411495325037576,0.03251053201809833,0.07477869328669955,0.24680504275897533
recyclable,metal_ferrous,11.112758104710327,729.5292363782282,1,0.055144079527711734,0.011526481032616925,0.7647817344552134,1740.3851266395554,8.489157880809675,5663.102370120295,505.3603749393315,0.04173819449277266,0.022600209062943112,0.0828679751431049,0.28371544863313847
compostable,paper/cardboard,32.8226111690298,1.78732599493737,0,0.03991163028004059,0.1651586304959019,0.0653379659794788,139.2262081180782,0.9511860777782474,1045.6843957934661,102.42183976268993,0.805581716398708,0.036036296596163,0.0025784205546685035,0.6287021292953218
compostable,paper/cardboard,46.63482830903488,2.6537108012208748,0,0.0,0.07021507344265493,0.2542062817936066,295.36293643278185,1.4012361474494988,820.3129211884667,64.25470378645387,0.7101324748763111,0.21708569316391846,0.2516468420807834,0.4646433132714997
landfill,textile,21.842341487004212,1.4513228247434116,0,0.0,0.22354837695030694,0.2964542848493473,289.08688083165475,0.6924668376691399,1239.650316990464,131.77100897473878,0.4395832741525033,0.01635393519919745,0.2377338205907556,0.5288243306291506
recyclable,plastic,5.440764479568435,0.11892394059618663,0,0.0,0.48432494811663956,0.8161581643973673,265.328171871418,1.9510173500757402,1558.5902446613272,186.16618913642944,0.13595277261215158,0.2942882205330987,0.09344029658780738,0.46995285459874026
recyclable,metal_nonferrous,15.799924233572805,644.0457752130002,0,0.6564646506760452,0.010831452126607344,0.6529185101382344,1179.6234648244695,8.896646420286835,6843.039976720627,366.80826433686946,0.1151350289811844,0.0,0.04652360713174579,0.12019053722309647
landfill,film,15.36613250014869,0.44824341904543147,0,0.0731153448323984,0.2907667791563961,0.29539665795406234,193.3798160774594,1.5188690528746127,652.7072242575874,189.315288944954,0.41807657133881904,0.2796630697364319,0.10275960674648568,0.6184528010290133
compostable,paper/cardboard,33.027977529375306,2.4241867061483506,0,0.00013282600836098807,0.029206058650501084,0.08280202123181521,155.9756005946661,0.7130869231118082,939.8656267010323,67.6803121127029,0.7610891571384877,0.18416564985030742,0.05472436798429192,0.5982463376332534
compostable,food,66.26396470525039,10.536828471161279,0,0.0474975283829637,0.017701791043773236,0.08606463946797971,392.0707773381561,0.26166784793532194,524.5340631989591,110.61696146173901,0.8458463418492823,0.06233525485115987,0.6562283096626683,0.4124171029564011
recyclable,glass,7.49117497140978,0.0,0,0.06529599761363296,0.8033022293149918,0.591425228921845,907.4490412803561,7.3996138579134705,5835.369519183336,588.3416025424781,0.02403086963101475,0.0,0.09753707980692679,0.12380698861420736
compostable,food,73.42491639489235,12.614815063670147,0,0.015502880363838428,0.01749987095882701,0.16349237375733822,503.0328779483291,0.2274002306392885,782.186475949254,67.53529669289345,0.8215079698355877,0.129575009627959,0.7349824196895252,0.7143763960695894
recyclable,plastic,16.042365054908498,0.0,0,0.08669752391821192,0.4350796283633218,0.5996332073389368,194.63177339408276,0.93759600808012,1728.4896840944957,229.53217979749786,0.2376010928997329,0.3686087593181771,0.01094916506305274,0.5130285478484011
compostable,food,78.12808518988689,7.597558769236639,0,0.006567532641238969,0.04872229645042774,0.24381832154074917,515.2320185513319,0.4073464169784735,654.3397421296689,10.0,0.9119012560297682,0.0,0.6456338587895302,0.46563961264486275
landfill,film,3.739733790324715,1.3765023381061359,0,0.07047549481062201,0.7834575937211509,0.6992377192033005,105.48941033949147,0.7091144016629785,1335.3744720961229,166.25037220838217,0.19226579842916663,0.05350102441311899,0.841797013729973,0.5788275491485791
recyclable,plastic,8.171318249610358,0.0,0,0.07495552533994707,0.5755854404749159,0.7453589789660825,180.0601908404276,0.2,1319.8527234973328,180.34238175698914,0.2812313862940179,0.13907036591494545,0.15189422988111123,0.30338298786362616
landfill,contaminated_paper_plastic,31.537265481444344,8.239384244477709,0,0.04109423593614887,0.32370526111791464,0.5171625967109311,328.58368362808903,2.0327075822075837,740.3045601270451,137.41352043235977,0.7673937840539224,0.2985366998821465,0.0,0.7256437988222537
landfill,film,12.577993073889623,0.1751350632261091,0,0.0,0.44300638858869124,0.743205984840095,202.17435111920526,0.49513226630509427,599.5088338489297,122.94872707071329,0.4067791509795664,0.37683971184393183,0.3767136418229621,0.7334785427678242
landfill,contaminated_paper_plastic,19.1277351129397,6.563479631207839,0,0.0,0.12333421815068224,0.0,511.051828594149,1.5303341596957392,916.3262570309178,78.78098805003054,0.36078322448171873,0.49337590696389033,0.07158301488301488,0.7330098696846794
landfill,styrofoam,5.620506074601696,0.22409587178756357,0,0.0604901855321499,0.06854259463554985,0.005691691587426884,49.144020565660696,0.1,717.55043573854,30.380693108207147,0.11898866702521002,0.01751341644390564,0.15841601779674774,0.5500862980206206
compostable,paper/cardboard,34.83081240911994,1.874703555756357,0,0.024824804968134585,0.08422525728464313,0.23585961847285652,383.1157754442632,0.7797506712688795,1117.1931251476929,60.34158932225364,0.7670284710510188,0.25436865416434423,0.06330246625062436,0.5139468869794115
landfill,film,0.0,0.4473320875592809,0,0.0,0.4342374287491326,0.34427034165102127,78.9028835264355,1.702467250876951,1527.7789552496758,139.75144490335074,0.26847686502490237,0.2428125961385487,0.3525777476763141,0.4985918450176792
compostable,food,77.51591298329551,8.066910514943622,0,0.036142451932746206,0.0013226900147765702,0.18810862154849753,510.6564190999952,0.76505247687472,1051.9320077822156,79.81039917946917,0.7792829099434,0.07820979814656039,0.43463861426663225,0.516634424269313
landfill,styrofoam,6.85207708796556,0.24065540083753864,0,0.005545035736959576,0.06844586014541235,0.2513982049222295,62.41540931102723,0.5443738668671936,1045.5027465303976,77.07685173958848,0.08685456418855614,0.10748011846175258,0.08515338086380196,0.7090404461390155
recyclable,glass,4.435744470988167,0.0,0,0.03462095525050762,0.843384180398528,0.8136191374642542,989.7637733700917,12.335572985431726,3872.3721948754464,1000.3930728128761,0.0588433448358138,0.29331152741507266,0.0,0.20351352993661884
landfill,textile,12.50226554556933,2.440110120069174,0,0.030572687431529435,0.033897811845728765,0.3159095749020694,219.60169531177658,1.1215059769148297,1306.5181425762494,103.13558360295107,0.276131931211824,0.3263219043351616,0.18416969210987616,0.6903900402101089
compostable,paper/cardboard,19.19441696064098,3.5520558276869507,0,0.0,0.04237823813234825,0.07732503665690259,254.87380678029268,1.5901249833911915,1028.9070221109891,114.46055280070088,0.7617714036747149,0.04755962057635568,0.30038161635086635,0.3829701306323806
compostable,food,58.84954891832142,5.445937122228018,0,0.01047558252910682,0.09371945903563639,0.171004906320154,473.2307893641053,0.712724490541993,472.52564232012065,79.76162124822224,0.8117422597654003,0.09857536445797399,0.6125862013582627,0.3073419410068285
recyclable,paper/cardboard,34.91926309886955,0.0,0,0.0,0.11873060295443427,0.22346275432038817,363.6261183172031,1.4491007533018736,1959.1109005925068,112.02376044319581,0.6615371078317823,0.2565423996135021,0.1323906816521071,0.4360945724865484
compostable,food,71.6524448360183,9.761918652033325,0,0.035807437921034226,0.06700256472844453,0.19564903977756248,566.1821592639433,0.4171729042041693,377.5526530984499,42.87123683605505,0.7539671576016835,0.2864366097716108,0.8867019371105179,0.4378710760550374
recyclable,metal_nonferrous,1.5520337634028216,382.646911624701,0,0.8682532245130554,0.0024748054764010467,0.7992268462949322,1175.7927946141303,11.441825780042041,7735.875949501641,506.4225180295776,0.06711095064417474,0.0,0.06568154261020642,0.3164769894302446
landfill,film,13.078411386321628,0.39266477334651606,0,0.03412948498275653,0.37827666901233153,0.5291072541783131,202.38396397992597,1.2044922232462176,1267.5646445491145,30.0,0.2799794874163164,0.03165409597448765,0.3663376293644486,0.8211746051355772
landfill,textile,36.06223410297527,0.10366666702800409,0,0.005432296638649723,0.27379047618352503,0.10298813730556722,86.12089771410025,2.016788944183707,1678.7052899921755,149.44541097926964,0.3931433868031259,0.15860656921530253,0.2651118198094482,0.889576834888186
landfill,textile,4.587536293889617,1.02002733980403,0,0.0,0.0949057720936597,0.1928589654783087,176.72753822681085,0.620154267133681,605.0840827170285,35.75031129782937,0.38032297686027394,0.15965984518338852,0.11184997363138766,0.8587058155397993
recyclable,metal_ferrous,17.533641970664497,413.6630199676156,1,0.016232386579040935,0.0,0.8452490032810362,1729.4894888912793,14.219026404353501,10086.394380993963,262.58513186988546,0.08826206767373251,0.022143471371388442,0.05308678808889813,0.13802278717461225
landfill,contaminated_paper_plastic,30.275593813178826,3.5841944493049267,0,0.09334974616657622,0.15250133528950346,0.6787849061082145,161.7829896643798,1.301626481965624,912.1070053437,217.887550427832,0.4471290491441814,0.3189875910603043,0.6876949933007048,0.6714789754733876
compostable,paper/cardboard,37.52802158243733,2.4190684605255885,0,0.0,0.09169240128947992,0.2524810391491861,224.75440631099778,1.769798328498779,877.0734939637185,67.80576221153649,0.7998105661536196,0.14558469171140767,0.46392723312291617,0.45623620516121943
compostable,food,90.56393455873331,11.817055501608943,0,1.3955354101785611e-05,0.02476125393858913,0.21724960212036423,515.6080281841655,0.4402669752075764,426.6351176370625,60.206046273904455,0.7462071852401198,0.19307629826286093,0.651651929618299,0.7460590224990595
recyclable,plastic,0.8219797197730285,0.6524235568229734,0,0.0523649371564364,0.688933824823717,0.5845227705101685,305.73442991124716,1.70665733084167,1228.2220060329003,159.3987985543406,0.18083553128503205,0.4380521031148028,0.0,0.41471669361917496
recyclable,glass,14.228361514451363,0.2949852942305446,0,0.027874894562517294,0.8572899893802701,0.7107699449106618,1149.5544139929325,10.609171882556227,6369.609095612957,1235.4231755746277,0.083185983304557,0.0,0.19894659729018133,0.12596236610129455
compostable,paper/cardboard,8.720939540257362,4.389184441027462,0,0.03916771639684085,0.08258304884255399,0.19603522817439917,396.68862114440054,1.289735862711233,1126.0043886903286,82.56294497815375,0.8249586990859157,0.21849428711192206,0.3791077915408811,0.3094908366931952
landfill,contaminated_paper_plastic,6.577484486266833,17.56169164040895,0,0.041024881080957434,0.3558091849872368,0.15236777113290825,379.56661107716116,2.3145545259897995,1269.8596254860092,89.02066530693588,0.42501664782980353,0.0,0.4424226597956316,0.8485160567175595
compostable,paper/cardboard,18.597699640630083,3.1851345476946613,0,0.0,0.04850577238180948,0.14582083102839186,356.99941434641147,1.2090523410707477,548.6092365359284,65.37517185457462,0.7358944007637925,0.17051191897625323,0.263131383554638,0.4278749315732031
compostable,food,75.41329214047009,0.0,0,0.0068350317533230325,0.07267543562772337,0.07141647725962563,457.0781065907517,0.6117181252006745,431.490159828447,74.26159427491427,0.742981394777231,0.06553721042127673,0.7915324254383833,0.6188367553162121
landfill,textile,10.189020958667708,0.0,0,0.0,0.3485313924533686,0.2363349560891013,205.33354854526917,0.3665823157974477,462.4988164829481,93.14263105965374,0.6157293377813122,0.26679856525071294,0.31577521463110275,0.7886279247042474
recyclable,glass,0.0,0.36643125702912266,0,0.043210619816337406,0.8083225159015123,0.5949562371244033,1111.5296173239835,8.741343025382692,4059.3864176723955,759.2171026539409,0.18546676567782355,0.33842034197378523,0.19300589345502722,0.2235546318992364
recyclable,glass,5.851080239300254,0.8276168142568803,0,0.037709923367574914,0.7441080343326256,0.6564098530909567,1119.3868883628552,9.879155887435147,5011.780154411494,834.2427762125978,0.1450572293843544,0.2283251676589244,0.06911817617034416,0.08842449588664393
recyclable,metal_ferrous,2.6384299176852775,353.79298265968544,1,0.050366706452455084,0.0,0.8314107641237021,2011.0305560831112,15.597898718764757,6961.267727076859,586.9372910785276,0.12639623648263024,0.07603780601793557,0.07377548320987817,0.057398188287954816
recyclable,metal_ferrous,9.262202681245322,829.5501846531616,1,0.026657156425018574,0.011718101432738449,0.9548668343441449,1355.1535032915867,7.634836184728345,7362.353080206118,517.888871584969,0.1260580965748901,0.05174037702499161,0.03582404735718567,0.08528404889882886
landfill,styrofoam,8.456370103631414,0.0,0,0.05897173976348114,0.0,0.3639115809138771,68.62567633772596,0.3303430510075542,768.9247652803753,87.63741341266079,0.27139079010673667,0.11440269196637463,0.0938054993575646,0.17622886319659797
landfill,contaminated_paper_plastic,33.780806779796215,6.834401815510523,0,0.10449335144550374,0.2500917571998559,0.32401840669188464,326.64555873797224,1.7160510406456921,1489.8050282072402,104.74315969155076,0.4173469137509058,0.5395641552824934,0.17339643825110523,0.4988186373130609
recyclable,glass,0.0,0.6731563551124433,0,0.011098547059549768,0.7912670507103189,0.5553501796459313,783.7310134497485,11.711251325727314,4477.330184823469,888.0896919323844,0.14658567287865099,0.2316506701787091,0.05529603423501275,0.22672522151827898
compostable,paper/cardboard,31.908554173868072,1.8607330933997837,0,0.03378328914148671,0.04581828588568062,0.16083895234832674,298.71566823455504,1.259839183007515,924.4567936769806,100.9001443805645,0.787507160771339,0.22711609387811615,0.4180378285263827,0.26266652498802834
recyclable,glass,4.744957658550311,0.8963555088668324,0,0.0,0.9346240806033534,0.6467856109826897,802.8579448771993,6.190303987186015,4840.241634385095,1291.1718367064636,0.11125988957842528,0.09628576856713572,0.1908496468393181,0.14833204540657505
recyclable,paper/cardboard,32.013898938095,2.0452732970420957,0,0.03207562939105917,0.22607226660266613,0.15665814111907186,470.6843689464017,1.1495394407229238,896.1943309894522,58.40143912477624,0.6443363748938546,0.3093299793706984,0.17259372802546505,0.3841447318268631
recyclable,metal_nonferrous,1.4695325859629254,884.0754439033526,0,0.9400740753541715,0.0,0.820589848513388,873.8307194105622,11.29705814260102,5139.3817191330345,254.82339771225844,0.040353326404668474,0.06105463739252936,0.009514621159792985,0.21327225350864654
recyclable,plastic,3.9694482148829837,0.3387019673755201,0,0.0,0.26089637045093533,0.704287140609579,156.20495063439208,2.2521708531609517,1590.1078888060188,190.33810751032036,0.3128553856336716,0.2942520538748169,0.0397859306208607,0.5769064654077865
recyclable,plastic,6.341610649699088,0.35052500583479973,0,0.16529732929838697,0.27013156683024586,0.7694645549963166,353.118902384648,1.2725994514510177,1843.8523147419385,110.89902513945476,0.1450614083546119,0.4192939548885741,0.13589966711774132,0.6217685722331242
recyclable,glass,14.992863755575797,0.0,0,0.04821867045305078,0.9674280355997847,0.6969736942403014,1549.7057250186456,4.689845472829911,5124.441108473192,1006.6362339686207,0.11565375606420987,0.1754773128025222,0.07676468143910806,0.22441451710872573
recyclable,metal_ferrous,9.81124028432607,542.0516286829237,1,0.0,0.013897641339463557,0.7558353230433978,1298.968328950149,11.005943102736452,8699.694150040352,715.9859979998639,0.06526487470479221,0.06541460318194106,0.05196914457031154,0.2139653689565351
landfill,contaminated_paper_plastic,37.02409295244875,0.0,0,0.13003613839327688,0.09294313042015971,0.46571262303750316,232.88221455871252,0.4269891484775751,764.74593268229,95.84254472152077,0.6454209436530548,0.3204923623799696,0.3456268966896507,0.6378469304891723
compostable,paper/cardboard,55.144096080470796,0.0,0,0.04622334995605249,0.06878405145609476,0.24017094106404893,307.182133565286,1.6558222144101877,803.1595088617972,62.534489370554695,0.833640342981685,0.16638232249414306,0.38323377104363154,0.6852127871067193
recyclable,plastic,8.68403734612452,0.0,0,0.12168168044089389,0.17806739189004034,0.5472781835391656,212.45847433880795,1.7886491783601637,2130.469011096551,67.08542558874463,0.15938446972882317,0.0,0.08221353817371735,0.4689030452100055
compostable,food,85.62277779586789,7.2611523547835715,0,0.022470953919111646,0.1477078716875143,0.10954026365904507,322.9310895532079,0.8704158506156496,892.517438106159,70.09239179619618,0.9009170428326685,0.1739033140871617,0.5886273651192424,0.5417632997558558
landfill,styrofoam,3.381203544866583,0.7879051945867648,0,0.016264833873872328,0.0,0.29428624583079616,52.340015710330846,0.9736273948732708,789.2859380849155,92.22821070570434,0.11618846363896977,0.3188073476859632,0.004387263284896775,0.3725976167352008
recyclable,metal_ferrous,10.200884259712653,488.9264840501762,1,0.07594473315473034,0.0015140304795173262,0.8708916269787008,1365.2204207744232,14.121097078832355,9501.65550547722,448.81324568576906,0.05980722977057429,0.06158037370840459,0.1629124969596653,0.14404537147105312
compostable,paper/cardboard,34.282086277641156,2.9871204086685834,0,0.025817941151800118,0.0,0.10151293819339256,383.64689863117337,1.147145364439381,769.0671743071446,56.03564961856314,0.6336210942979321,0.0,0.33480789219477003,0.410234362912843
compostable,paper/cardboard,60.98067281367923,4.381097188687193,0,0.0242514806126443,0.1313493131659866,0.2574130297050116,249.2447260747581,0.8735131021832141,919.5357657424119,111.5409031124486,0.7311248318922734,0.0,0.22957633340737366,0.4889040704608433
landfill,contaminated_paper_plastic,35.19221456849743,0.3260364316029323,0,0.002562560523622859,0.15765319371126058,0.21125891371398478,199.39792751057882,1.1016444139466903,1501.1311723321887,265.4331571667618,0.36651881315194057,0.6170209234537247,0.6377222157250987,0.810491259833273
compostable,paper/cardboard,41.81723846154375,0.0,0,0.04725125705424904,0.16203072817441438,0.4,198.8855370084362,1.29715280526011,379.4753242027532,103.82872890948023,0.6761439761466581,0.41081349537899436,0.2338077544972127,0.24662254430491076
landfill,textile,21.351640181907683,1.0466817341619612,0,0.05841056062511407,0.2541457194832254,0.11726981535989064,187.78879634172426,1.5045489850548595,1806.5389863196788,162.33206337927083,0.44363701023884977,0.3133159544775683,0.3278030134938016,0.5886742849258757
landfill,styrofoam,11.55249932823692,0.524761102604873,0,0.0,0.04158311828814046,0.2787360386536522,32.58315910341989,1.437968083234406,796.930866624456,98.51783662814165,0.13960968921909578,0.04077469287595728,0.05959701145252289,0.5850726700213742
landfill,textile,27.75254412114478,0.0,0,0.040474676277819095,0.1289784478658222,0.4999642674533761,208.2758291247813,1.015254907358881,857.3992171522309,96.50904848699929,0.2761346356797763,0.4119538339476691,0.2228751864026353,0.7678296548769675
compostable,paper/cardboard,49.64985558575657,0.2464524375763104,0,0.054240805680357856,0.0,0.21043390451898236,342.78876142739614,0.881777172823647,1006.0984844652531,121.98796674400397,0.5426544928516748,0.24032937689889775,0.0,0.3551502794715188
compostable,paper/cardboard,47.02189824418325,1.0048583232295858,0,0.00435993014977926,0.04201484412598565,0.05602520128383359,342.4388142376385,0.46754204866465987,592.8890421835594,38.11029977303667,0.7131144245767286,0.16196154476737534,0.30099556802204536,0.3436133457994136
landfill,film,14.192310725194426,0.2936303223710268,0,0.03486757132746842,0.67272145903994,0.4710830739012508,186.69609369298098,0.9187816756905559,1039.1924377469209,277.9981474631884,0.10586582542846304,0.47336977531561675,0.368153181788195,0.5280712508052323
compostable,food,77.80543094148898,0.0,0,0.026617604644289142,0.09167644808044624,0.0,494.88678838170864,0.8069172481183231,258.0717962617589,111.81430967094258,0.8535215207492836,0.030649170096911378,0.6916346383513441,0.6669992295026067
landfill,film,15.170557456062904,0.14790717054142438,0,0.0,0.5942688569082963,0.8011183431704136,243.42965338191956,0.9935038607373602,1350.372838389161,222.19209340171466,0.1858584209976566,0.4466016526081138,0.2995713221457776,0.7370567478513886
landfill,film,14.484317103313632,0.0,0,0.0003432668193031549,0.16185083985266568,0.4671293801218021,148.32183513078107,1.0368072905828525,859.7973458344147,204.157022383711,0.2291794742010034,0.16184163501017215,0.29073260810381857,0.8945329250315723
compostable,food,75.56376712517691,8.399476228166051,0,0.032456998646949974,0.0,0.13860964119829652,464.43547580542787,0.6286097085146872,642.322975617778,41.88394770405327,0.6972708663411502,0.16943737753289564,0.7498471017969387,0.5101816156132135
recyclable,paper/cardboard,31.365532068732644,3.522609225262766,0,0.04123633291979464,0.21898203948933914,0.21746710003537287,407.11387538884907,1.2410733928229822,1438.759143702368,142.9035846921267,0.7031928939230131,0.6368813355493297,0.06612151621526113,0.3238119476936872
landfill,styrofoam,5.51189652112962,0.5685716246185992,0,0.05404486546745827,0.11677369489253274,0.15695451643928723,46.08380778747669,0.7362685689962597,1246.1397222133965,85.0372784345432,0.08707447566237984,0.1398587435656358,0.19570560018194172,0.6603904443033739
compostable,paper/cardboard,33.862109224629535,0.9704346501705161,0,0.024870604083726894,0.07697981354015458,0.2589446175443729,307.749978143308,0.9012306859719329,1147.5415597398223,84.57172312634493,0.7621229346937846,0.12271071525686394,0.2525259671753845,0.5126252345278545
compostable,paper/cardboard,26.127543110491565,4.383798668827145,0,0.03900031657339291,0.09215023610271998,0.07271096080770482,282.3347413750857,1.3206800035606943,943.8840573946495,43.90516041298136,0.6487745721584102,0.172310668302154,0.43044363642757844,0.17058082683500803
compostable,food,72.56423235125212,5.599691484818829,0,0.018729508507692897,0.11187190673420697,0.1134158675930568,444.861194242611,0.5145056837020988,669.6861764410569,13.827766650384866,0.7714639764187762,0.09478985845956309,0.8800118434640292,0.5409717062992554
recyclable,glass,4.5752602315521065,1.184047118407449,0,0.08900750887524761,0.8468684778425326,0.8249710420184319,635.8757323436851,11.68805385295479,5442.548767703516,939.9562016417733,0.07937747644518824,0.0,0.04866182850782966,0.11740839823153978
compostable,food,82.99109102465354,15.372692884915645,0,0.036778810009392246,0.01913734067265384,0.10533585968431755,317.9814920433966,0.6098753076550566,655.7873007024228,81.44432165379715,0.9539593946678029,0.07960827868196674,0.8003112483388768,0.4689958948632823
landfill,contaminated_paper_plastic,46.44437385070957,0.0,0,0.14911486021204268,0.2787716988182407,0.6719436426001792,364.908820307989,1.1930339313269738,657.9008945444197,129.28021368761694,0.7361213999152639,0.6270875563312764,0.326080003979262,0.41180348565573854
compostable,food,72.92313810859356,12.12463238065174,0,0.0,0.0,0.2775604050579978,348.36463820180063,0.2521519126359232,100.0,54.02595630776244,0.7141528165274,0.19494106120954585,0.8514725634013951,0.5174219585786731
recyclable,paper/cardboard,13.02467688734838,0.3061835694183873,0,0.0,0.015682673369066716,0.2117131433474083,424.5352743633778,1.5075616218773673,748.2756598307501,149.39805889097096,0.8148561403227977,0.283676381653613,0.07214457332822816,0.4221924882116752
recyclable,plastic,8.793476414609096,0.13814459198362145,0,0.0,0.3714453385447699,0.9101062931633929,250.73673773195696,1.5754320388167802,1400.0425056751815,174.60744210593995,0.22241887568019955,0.4025903890773187,0.08803915631944272,0.5763837008949988
landfill,film,8.700639441200744,0.0,0,0.08859651717203171,0.4286857874074649,0.4012542486521437,126.46622331935856,1.739089961062435,1070.8122272474886,129.09598774304564,0.15586185138607347,0.0,0.221193038755718,0.6488227668486927
compostable,food,77.99170314770075,20.360707792678028,0,0.022897756661937822,0.051195152164247776,0.1218868611429014,637.609603059853,0.29539283351449963,806.4735449356232,82.49660309350928,0.7080555060158447,0.10573545050939952,0.38499602385225634,0.6750609620197243
landfill,textile,18.07416535605725,0.0,0,0.07003393799013545,0.07622766266528874,0.16322711039673732,58.42912275648925,1.303083863187267,1259.5546415815081,61.81982786877337,0.46799110631997637,0.15025313110179853,0.650450401166191,0.6316766569490958
compostable,paper/cardboard,33.20071137105069,0.0,0,0.00950675185866394,0.10468274238215755,0.27072441432469774,200.35588648777934,1.0537976252058936,862.1751949418694,55.10526994518787,0.767307939340672,0.09312116019088691,0.3206914473234464,0.43220759421321836
landfill,styrofoam,11.22490247566597,0.0,0,0.041972951871822206,0.0,0.17502729006668616,69.58005248183977,0.45857348611895743,865.9547714198352,97.23228236409885,0.16690480110540956,0.29988806463086715,0.09716392073423608,0.587046571010209
recyclable,metal_ferrous,0.3832084039231223,574.7549365242536,1,0.06797309995590783,0.0,0.9066378953511965,1345.0837235566912,10.551048221781478,7636.819747612058,500.4845764170768,0.07112724578007598,0.034265458560595374,0.1103494405363055,0.0
landfill,film,5.36543700510904,0.6366284073812392,0,0.020938135636356325,0.35856766218119196,0.7786158445458815,227.7004289963051,0.7589375284311326,847.6545957266364,88.13418117958773,0.31927757697082376,0.24929391497165687,0.18043091974189776,0.4779503137293671
recyclable,metal_ferrous,9.160276711544954,397.7734431858765,1,0.050470467094148735,0.019002684243109646,0.9216139588676567,2093.062452736159,13.17338363079818,8401.011787583735,491.4052904298319,0.050669791989340476,0.0,0.19489163792338393,0.3540323979819886
recyclable,metal_nonferrous,9.522423780649,231.03854031314154,0,0.7769675138505664,0.0024503866431540592,0.7784038482539869,691.3098113628506,14.782533868612036,6124.245784739011,808.9843388418785,0.07219891249458665,0.0159994009154618,0.1215344736204128,0.19842128736717804
landfill,film,9.92988470502097,0.2011790052657271,0,0.04273474326873131,0.48828395197859015,0.7035427338838296,133.31280813801996,0.1,906.848912283546,142.62262381951902,0.3722807922133408,0.19482882367238422,0.34225785311189233,0.6435131849453148
recyclable,plastic,11.740454331987163,0.43670156828541573,0,0.0,0.04583059868545314,0.6723213142519385,202.88588269190677,0.8161379824326825,819.7491001394488,123.26283932636454,0.18444068121081791,0.4698580082671502,0.09320417570975861,0.7094521044910912
compostable,food,56.392038827206406,12.548503798448218,0,0.0,0.07367962153175908,0.07644606126129574,635.9921286021047,0.3041866769159407,435.58769675886487,90.33793043424174,0.7215308546852836,0.09592219542228907,0.8960714131423642,0.4071020118526527
landfill,film,10.965620343715937,0.3465489081092915,0,0.0011652973513928064,0.5883238027102982,0.5637732512038681,139.53336394288306,0.5262853733753976,567.2347558435656,218.47785155296063,0.3054638708131807,0.03641232361450497,0.38736561412773823,0.7383721755349664
recyclable,metal_ferrous,6.073045767765786,362.1561439845611,1,0.08420203539485481,0.0,0.845889570102676,1733.9609520822135,12.59883125520835,8313.015457025771,671.8504715089139,0.04416071260908677,0.1589281086995831,0.11554667706705866,0.18526597733784939
compostable,food,100.0,3.104263793806691,0,0.049283544775048746,0.0998429386732904,0.1724509123592109,661.034458103416,0.5930263681517157,577.8318391335857,68.67198367456136,0.9178855105934901,0.15675284636676187,0.606148406875568,0.4416903366481479
compostable,food,96.24960762762612,6.984263537697861,0,0.05624897115993857,0.08538759677277377,0.10500265792845859,525.8889286866626,0.7431386124066824,624.3619924434392,30.74438200273859,0.7618290259340105,0.06267369551139466,0.688834985634993,0.6744806517060813
landfill,film,9.219997602352716,0.06308171329197254,0,0.0360075423256102,0.2776789707590831,0.21951904899577046,123.52939855237437,0.3318124166480714,1192.659228644369,100.6379145055607,0.36116314741410516,0.5205799100901799,0.3722886471421431,0.36734607270250197
landfill,styrofoam,15.91686799711287,0.26945854406525577,0,0.023077852205420482,0.0,0.5041276003610278,35.508861195498206,1.2099545731063723,551.3070705170761,71.43033591456953,0.2352127830719813,0.32330632564101885,0.0,0.7244755470491191
compostable,paper/cardboard,38.443470251620504,0.3360901650110977,0,0.007234345469430118,0.03923121858419394,0.10536355476705424,491.22942627152656,1.7325356247953612,1380.0918755360653,59.427624511110906,0.7257002999928713,0.024779084975508514,0.2456457684204404,0.3622809524875138
landfill,film,12.180003105963516,0.705519908945304,0,0.020416469524798378,0.023495849706507255,0.6385607297385328,82.13588220390173,0.41892938590480766,1100.0895791983153,134.2925073467918,0.10879243936843697,0.3048237346199711,0.4239051389549887,0.43074876446013255
landfill,film,24.041567991032316,1.030288180149506,0,0.04093952556539704,0.6645852320671064,0.450698475151598,38.02524390902464,0.5198577806892032,1791.7203464179024,50.53520458331158,0.24995212819314946,0.2851215840010319,0.1576646360857939,0.5334717600244328
recyclable,glass,0.4656964040166969,0.15807554975021187,0,0.029725228843960342,0.8548628298001042,0.8926285854855392,920.3192918977671,11.94710861006411,4108.430482581316,681.4313051316485,0.026839694511062072,0.1109206384548114,0.14215851130910026,0.18075601803941332
landfill,styrofoam,4.802724531172081,0.11806035688422427,0,0.036986478556214786,0.12690081409308168,0.05679739925092042,66.55185462285915,0.48925516055144314,737.9372215347266,99.27835155380083,0.16510960581483564,0.22765518567531598,0.18729702060319176,0.5971322880864512
landfill,film,12.997307147260456,0.8397855085582613,0,0.022416990808289242,0.6370013967166032,0.741071648291652,210.50495819657948,0.947034920595762,832.6567344036446,56.3282937280714,0.24599627924789008,0.5099518813373775,0.19422791775446685,0.7177689878190081
compostable,food,68.62542846470882,15.871013209504317,0,0.0,0.0840679755221474,0.1826885846161414,413.0629834633339,0.2903535503881922,322.66381554330854,83.37043340864776,0.9183184401991249,0.035388457707984364,0.7687580055327226,0.34955675776775175
recyclable,paper/cardboard,41.21873747785051,0.6801658542747738,0,0.0,0.16419930243906844,0.26392544585138394,320.5518305391704,1.3209333701712747,1498.313619297614,138.48126015917876,0.6185251586477206,0.4088370516350209,0.0,0.4460246639013088
recyclable,plastic,0.46633506135274505,0.1801226016268443,0,0.011826734834544418,0.6266910029708432,0.501336329700258,326.3835492164061,0.32709368526313387,1177.3920670173754,243.86002549830482,0.16518890016303725,0.11332184040720583,0.09533500937763681,0.33442939640138236
recyclable,plastic,3.830047688920215,0.8982286945929705,0,0.11392174789828576,0.3497980911034372,0.8049784796544722,167.8845960109055,0.2,1330.160733591143,179.88187508881396,0.16298106816029298,0.2947312986334817,0.16004962314500293,0.4391689164522165
landfill,contaminated_paper_plastic,42.06303289063071,8.951337685231975,0,0.07678245468551215,0.10396542567979793,0.17299758036278623,319.33970381363855,1.284887371760804,1237.103686170835,344.0217008694412,0.2795759830473603,0.7050074042254931,0.456356780974128,0.5297315427754951
landfill,contaminated_paper_plastic,43.269249991633814,0.9994443150401731,0,0.11500352861500114,0.3984459962518315,0.2241967462099098,237.73417584885755,1.2099725888174482,1741.9915802348337,324.84090380488897,0.1466113692836561,0.2863638564946634,0.39679666088793064,0.5819196174136143
recyclable,paper/cardboard,22.37766430617144,0.7642891676152628,0,0.019342510296951318,0.12282153895311734,0.27159440492524484,373.19814781926993,1.5217953606035988,1429.1004449156985,134.02580387920645,0.645872029097117,0.37755073151743257,0.10517771111568791,0.42073658804438824
recyclable,metal_ferrous,12.818928455684132,635.9441277358496,1,0.07199162844397995,0.0,0.8718043601158453,1243.6704280247418,10.808030242345914,7641.23787836366,613.664040938387,0.04445380060662044,0.05031365780922092,0.0,0.31502673958982963
landfill,film,0.0,0.07992988053435834,0,0.040835043363377524,0.3269734124408431,0.3512538178004946,92.52432963028392,0.40467296125038077,985.3113220719748,257.1157453710454,0.257793729655821,0.4574350734081286,0.3412557422490655,0.7670793596973331
landfill,styrofoam,7.836801745737433,0.6808532741533908,0,0.002948138058711856,0.08504861613519829,0.37880082122362546,76.29368874588138,0.6755166843305275,527.2383207014814,23.77357302985935,0.16160116503763247,0.34137048422746097,0.007583401523806585,0.6620335756030025
compostable,paper/cardboard,21.30789788296714,1.7769823457141125,0,0.0039006703829487822,0.06061500417957194,0.151046903405925,257.0118975656395,0.697945851210642,868.0863296204525,75.98480907881725,0.48564410479981857,0.42635664294019954,0.5133154481325007,0.4435548912612506
recyclable,glass,4.389612547182953,0.3007773625053166,0,0.016600708595561807,0.8989815848084314,0.5440564220873774,630.5698135520996,9.857896385493541,5060.649627371978,891.1391618859226,0.04851854884266804,0.08260812208805121,0.05946921329696646,0.2039872752284725
compostable,paper/cardboard,20.86350959148343,5.3344482231022745,0,0.050464772434245166,0.11678109986228734,0.3047259236139742,150.90391130900036,0.9902207454949392,716.1741348295119,108.03698309393359,0.6359887408318283,0.27089941792049826,0.555580421599507,0.6042804350125999
recyclable,plastic,7.389912201094612,0.0,0,0.05222760827855757,0.27677718381326305,0.8086941070758189,226.5475467623631,0.2622901617727378,1379.730255822527,183.16507551171154,0.1733561903219582,0.3003387701407687,0.0,0.5219773776746981
recyclable,metal_nonferrous,12.315011998132622,772.9657680968896,0,0.7933528537805454,0.006488819259038391,0.7532479218723176,1490.4739825737447,15.950900957308058,6014.25652142135,641.8537967848307,0.12077892798094417,0.05264302475929465,0.04747007433602363,0.30739897510068825
landfill,contaminated_paper_plastic,0.0,1.7387555408475701,0,0.025929609695156657,0.3287526849508085,0.5751312726456473,156.07919492208487,1.7987725932855296,1098.3426163391462,289.047566308425,0.26412431433802963,0.32533768018676784,0.35196653692468793,0.8767236445878857
landfill,styrofoam,7.335681482308654,0.2956512210141276,0,0.0,0.08795064852910946,0.116537643846573,91.18364580964703,0.7804894941997533,488.40162536520944,55.74041787921956,0.20436667042511414,0.15304401321219469,0.11033460903818591,0.8080448372315263
landfill,textile,22.86279351370491,3.1669592672469657,0,0.0,0.09803192456717306,0.17523295988033014,104.04009197863671,1.0081497601942069,1366.9317206641758,153.59035809784135,0.7255678268416834,0.2850254457612984,0.40402188858873855,0.707931309555877
landfill,styrofoam,14.413237970066486,0.09732646095596247,0,0.06006475610138977,0.05122398349259554,0.13447977587091695,47.32720268178845,0.1,1201.7547520623202,137.84285967131592,0.10891447928306752,0.1726538853941713,0.12956075441125775,0.39634351165726184
compostable,paper/cardboard,34.46128363852956,2.365002061198427,0,0.006597695990915342,0.13858589573580798,0.09766786644116535,343.88042673780467,1.6727564371839847,1020.2270231872238,84.93689432337925,0.6777362362669617,0.3043305181255507,0.13655376121074903,0.3544813609430535
recyclable,metal_nonferrous,11.10931370267247,424.0716408371996,0,0.7856388340102016,0.00894232774500935,0.7386941980174859,947.0908202590556,11.097279958278747,3670.1186392557343,198.4151185679068,0.09038351986393169,0.08460071402834493,0.26513761078819287,0.235809487586681
recyclable,paper/cardboard,34.219363780076165,2.051409936762654,0,0.0,0.08738343153495644,0.26583908736026574,323.7387656507505,1.0631535769012679,1337.4953817376324,94.98174593529853,0.823561987871377,0.6780714632352866,0.18040974263555673,0.5405409386677683
compostable,food,85.20266090536191,9.210782924737126,0,0.013014845913631425,0.03391824743913087,0.3161398386848673,495.8322542677864,0.6075104117977674,706.0566908063685,75.96972897566283,0.7992766283343437,0.06625551056405152,0.6892598110878904,0.5955333316188189
compostable,food,97.65225188808228,16.452424996270064,0,0.0,0.07430181447088186,0.026215680884930745,579.9229264664488,0.38221883704553034,481.2727622521658,103.14491618855476,0.71702691451326,0.0,0.6124601010480992,0.7246054621223179
recyclable,glass,10.736950367367745,0.5753012464223168,0,0.0,0.929655500349629,0.6118566294773005,922.5774498016087,11.911029351338176,5333.109081942483,757.5533454851438,0.06550003988471725,0.31370142902906806,0.1539755982246896,0.118163497995587
compostable,paper/cardboard,30.178459676700395,3.362724653150611,0,0.0,0.11773666490339046,0.19395967901907368,342.57344539441937,0.9417711711858419,484.72914610820686,102.58130161873763,0.5549277478016437,0.14191794093089583,0.49117727996299543,0.5287846603809554
compostable,food,93.25579262306942,19.986487185183684,0,0.011367593745639032,0.07018650451683048,0.1480643514887267,341.5557767123846,0.5810898204304007,264.19204176803953,99.69198471153909,0.7828306162161285,0.09408117591109875,0.7424931807319213,0.5689314031555107
landfill,textile,20.180407106501487,0.4003504885490681,0,0.03292219801945552,0.1349827912680088,0.32809301581486694,139.46098140951867,0.8253098182458887,1516.8549596581877,141.34958515132885,0.26406728107109584,0.4029175694828301,0.0,0.7941141703916501
recyclable,glass,11.747266207467982,0.0,0,0.02447132994501864,0.8335328112062924,0.5635529146382718,667.933540336001,11.024143825370603,4707.640574167466,772.3934334156121,0.09225390135728091,0.21111531055387084,0.19942900502866517,0.19234291817036486
landfill,styrofoam,12.927876169707405,0.6078155669692232,0,0.0,0.12546200099137506,0.29585406047110213,63.21370996251306,1.445913301698931,1136.1712933076537,109.53992855985612,0.21312519460683882,0.2739673148636431,0.0799942566117474,0.5411837680428286
compostable,paper/cardboard,23.72644109616821,4.238489835128192,0,0.01411088484823932,0.15263777725630917,0.2870123495378636,292.7058631750431,0.7966205069810601,378.5255305666657,53.19907317433021,0.6100932140081071,0.34541635529538056,0.3673736880840419,0.5584406786137982
landfill,film,8.006384013792559,0.11260640593555343,0,0.07917328241623674,0.54165324393148,0.6896215539308241,263.35694725501514,0.9056849543992471,1270.462623858474,81.1767049109915,0.4635321123975958,0.22951826181863338,0.1945211329310506,0.5479875163487635
recyclable,metal_nonferrous,8.073018093697431,486.0688247910421,0,0.6982761183286174,0.0,0.8774235575202741,1079.7984315003391,13.150147124660279,6389.589882603022,602.8785015694747,0.028219681439997008,0.04648166516194151,0.09780925436770048,0.4153107198272574
landfill,contaminated_paper_plastic,47.30865217503421,9.011239007820562,0,0.1511522091332914,0.1505838342912748,0.12719336703213718,302.9881512817343,2.3302866187108813,1061.5120700229704,241.81622793573476,0.5752342426450757,0.3882884094689218,0.45138494420874287,0.6391884953134329
landfill,film,5.108452564285709,0.43899557560947877,0,0.02866688981380002,0.5298295442140841,0.4684132853295324,253.10637693616283,0.25516195101947214,1601.4939144878938,94.10904630151381,0.07040172654159765,0.3156812734523301,0.20417056251750096,0.4335585948145454
compostable,paper/cardboard,43.441135001447705,0.0,0,0.0,0.04849875102330528,0.2312368851756892,282.27703728027996,1.0141675687537526,911.0896993789017,46.3573141785087,0.7595764523020025,0.22601220376843728,0.2886037288856418,0.6508886767694625
recyclable,metal_ferrous,6.676770625060776,570.9441930292556,1,0.06620863832107086,0.0022328091325537055,0.7661125512533568,1925.2594732130628,12.630909120665986,7238.072220612984,598.6226469922292,0.05446727658333342,0.06089011698743631,0.1380470748742866,0.025310430865444516
compostable,food,72.34842991404403,12.215086711956246,0,0.02416765615895105,0.0,0.13022580939835224,368.16189024026414,0.24959499752627112,443.77994142280903,114.94216317123806,0.8712674289013608,0.04001747071520422,0.7858874172034237,0.7679226523903202
landfill,film,6.840833130845298,0.10822518046094032,0,0.013814785855523738,0.1268408143898111,0.40864277435261714,266.9377866868572,1.2678275718206844,1470.361670691087,210.6325272450149,0.4334134564362391,0.014286617283423453,0.028621039248422714,0.4794414508657972
compostable,food,77.55835953885227,5.984245346089447,0,0.013618921286667637,0.01019870715982555,0.23608057108788788,452.5573978406331,0.9752976714382519,487.86783723707583,52.28983082723843,0.6989028485909737,0.0,0.4623796085491765,0.632055198121378
recyclable,metal_nonferrous,12.121739792592063,730.4091772564293,0,0.8478030164715783,0.0,0.8093699372919881,1047.2447292528466,7.182533290687955,5538.7351480884945,547.0772810116525,0.12816859497695354,0.0,0.19646547365728345,0.12632047650406172
recyclable,plastic,4.448015981220155,0.6524248749522662,0,0.07702947709061204,0.673816633877602,0.5936736529040751,167.51222111954868,2.388478970329034,1301.0731414569323,174.70410193966072,0.21306677445420308,0.6131090629262812,0.1479988650370652,0.18685344827991823
landfill,styrofoam,6.089161272648788,0.2112700576121757,0,0.0,0.0004993143048430335,0.15098832400653708,60.92922546308379,0.83115429079227,1186.0231658810112,101.55165503813502,0.0,0.23151703854460287,0.0,0.3954446520621542
compostable,food,87.78576450078421,7.861692399197023,0,0.0481869488037116,0.16494490618096252,0.12097291516482728,396.53969743190737,0.8633461192794252,815.9144291461425,56.92849932116829,0.7863850546323313,0.060275077379764494,0.4983324233448584,0.48976176642189617
compostable,food,78.44548998242189,7.100501002876497,0,0.027230070504122034,0.0,0.15868477646212184,446.0124011226647,0.4479707856818651,474.29249771221384,22.953773862559025,0.776102007380723,0.08649914307987804,0.72397845879961,0.476678983088885
recyclable,plastic,7.1009465710256645,0.7129557592505587,0,0.14617567438017273,0.3593919073270301,0.8117188093692158,213.10263215940378,1.4092288635799795,885.3877238471847,145.76052952423024,0.12021880336252677,0.26650620268892977,0.003126953135529506,0.33919649028365884
compostable,paper/cardboard,37.72995050878465,3.271935501423476,0,0.0035584797634414522,0.01903577667389031,0.14013851578555225,288.8380751349003,0.7743119972730603,897.5387978374042,47.7873702982875,0.6303962062024102,0.260509349793225,0.4405685780416841,0.44121848519197004
compostable,paper/cardboard,36.34158989844066,4.014314401193339,0,0.030359895527829035,0.08131023763870178,0.15875049723138593,292.71743961035804,0.2,952.6502098244105,77.78809799724101,0.8474135998626307,0.1823212884974105,0.1716554870697557,0.49251797688078236
compostable,food,81.10470027875921,0.0,0,0.03790076628152231,0.025846947415828027,0.16174344095884394,643.4664753906509,0.724209828966383,446.29387041883354,47.72019436461781,0.6478547678936556,0.02965926765303059,0.6683304641758457,0.4815384567418579
landfill,film,13.812342007447969,0.9191666022643049,0,0.1031288703482075,0.38849940624101675,0.46441274658590037,110.17001383045857,0.7794683887671096,926.38665827056,173.21764456149393,0.29203098174852044,0.3687701786717524,0.4766710680585103,0.8794303682100265
landfill,textile,34.51872752022925,1.4396697222730237,0,0.04711674201908004,0.011406507453488937,0.31315523088967867,109.61108201713766,0.8797865488210241,300.0,148.0643346715358,0.30341919833374714,0.3755603301286248,0.28243081769686446,0.8348915073641949
compostable,food,66.22852469141432,18.063374799388956,0,0.03371015477580408,0.14243044166482058,0.13595488436006276,530.2385765709488,0.5245168848847361,759.1743563726029,52.02919030978174,0.8796004250301824,0.06637118927183228,0.6903717734337252,0.6110102981338047
recyclable,metal_nonferrous,12.29104634076835,492.33219604769334,0,0.8012899830320378,0.0014330630500000371,0.7587275749494129,814.9215484714088,4.73368630806787,5165.820770307753,655.703272522846,0.05891265685881298,0.04810964812870301,0.13731450299298537,0.27206894964226686
compostable,paper/cardboard,35.22582859688718,0.0,0,0.05391445755621731,0.1748644347386556,0.19096856097725673,392.117757976681,1.2701147115735696,565.8186402810173,79.70441577590857,0.7305542373417565,0.1254542737507867,0.3172020083847446,0.4862900663736328
landfill,contaminated_paper_plastic,33.7500169906348,11.742976767895845,0,0.12396370052409707,0.3439262085534994,0.5515468228419808,105.17991026582516,1.5977962212315597,1488.1629788232876,234.5782255552047,0.5386697076263495,0.4405525175696131,0.990173293909919,0.7408577196057697
recyclable,metal_ferrous,13.743828935561186,584.086404698787,1,0.08700218229058009,0.0,0.8228486952696271,1991.8216611614887,10.52531418294321,5304.729089319333,522.4729675239257,0.08857098839765598,0.11960193757935457,0.10889035002372098,0.33181970672340255
compostable,paper/cardboard,20.876454646760383,5.6410878158836315,0,0.008672108175705535,0.12158083930902018,0.19466290585534407,211.3919354566229,1.1976181163149082,1096.000694827687,85.29346662284233,0.8154490356680822,0.30258184713382363,0.48783722819874936,0.4310514841590505
landfill,textile,40.136667205431145,3.3984492855880695,0,0.03593255392927849,0.000734098454841875,0.1541433972667398,199.73540122436134,1.3738988211503875,1479.3700537537488,150.70889565535185,0.40104773743839084,0.13093221823170198,0.2841821218022767,0.9225984828976788
recyclable,glass,6.043188825527174,0.0,0,0.001479279197542347,0.5989188267012768,0.6863010422306057,614.5145452096722,9.149763141991096,3037.3908670057276,768.2406076978488,0.06340334887518691,0.3802343558226315,0.21290854893965,0.2585345603010283
recyclable,plastic,13.848142934697465,0.27302137657792713,0,0.1096805877586294,0.48153903131017023,0.7853136967382403,236.59910382817455,1.8119745349573466,1669.403149608815,79.7647495101094,0.11007025129113815,0.368457459167154,0.0,0.569617998575956
recyclable,paper/cardboard,33.85577081695045,2.981684786466851,0,0.0,0.11632683007558653,0.17789317639646263,359.0374717364866,1.7078343854668094,1094.236127179014,104.56842339862006,0.5906839315852762,0.5778150848331717,0.16592041815995293,0.4784875476913192
recyclable,metal_nonferrous,0.0,523.7140847865179,0,0.8026754774378522,0.0,0.8792952890341333,1149.488994285411,10.893628573071535,6540.186760735977,563.3026480899061,0.13326472547720145,0.0,0.11117213393727174,0.226502463118878
recyclable,glass,22.11225270400018,0.0,0,0.03586209663849961,1.0,0.6646735864561841,843.626644166341,9.738779228975847,3997.0837630035385,681.3441749483987,0.06648739623234388,0.12470951186883522,0.19830852401604476,0.22610780322964352
landfill,film,9.348004893603886,0.43214493038521207,0,0.042026147115850496,0.5522348078103277,0.5282842538566298,129.0068790526198,0.809596277456387,814.134353263603,118.40533438599971,0.4531158713073231,0.14309818589561998,0.19984185990172432,0.5418767005095464
recyclable,metal_ferrous,5.501369400511846,600.2965267133716,1,0.09598620066908936,0.0,0.7897265229484097,2013.1542809513685,15.06010952070627,6564.242023819506,728.1603001681079,0.08023647527476101,0.1250137304500494,0.10596076750614182,0.3025632113872583
recyclable,glass,15.248218328068434,0.0,0,0.0400298116366051,0.8268014916450688,0.6161499383616047,714.3783055576001,8.46365583870509,1500.0,595.716294425859,0.04496740701414827,0.2639339851187149,0.03555786539915837,0.158488619982951
recyclable,paper/cardboard,31.568987063196474,0.4776525953849705,0,0.021198195481590073,0.1286628249766994,0.22496497053813908,397.2443387163685,0.9685185315663387,626.6522024218536,100.1393451570077,0.8241222726265749,0.7639913380157282,0.3031177135565888,0.3229826085135034
recyclable,glass,8.782883257797895,1.1692960691478034,0,0.008846684395021183,0.7420315795430458,0.7019995486206418,800.0433164283684,17.443457297706615,5108.856728795978,659.9450734519027,0.03775553723251654,0.0,0.01798247314100536,0.19149417717591316
landfill,film,6.169678428980933,0.20731317962578963,0,0.05213014065274708,0.573134930233474,0.7446370523983366,99.7306163299331,0.47764850064850867,1626.3287360064892,178.80463612511866,0.2582864841868996,0.3510005013332451,0.24463531926674068,0.6786877024571422
compostable,paper/cardboard,59.50491248172493,2.5547169239293517,0,0.019554420416325734,0.09610411553834927,0.17922355972359785,226.82870649658832,1.5293119662710821,956.4403807779386,90.44033129834143,0.64197071781774,0.3364209518321711,0.4497054117999665,0.4170618743949047
compostable,food,64.6321107638422,12.388173023558616,0,0.0033809976717792435,0.06352284128899194,0.14598095124406904,421.3262343760308,0.27310908448960053,384.64573388633346,88.8847806456439,0.8600733750099504,0.011571132864101427,0.7148998458143838,0.6901664548046147
compostable,food,64.2190239438197,15.935353372052045,0,0.0,0.1415729382927177,0.24435520965770297,393.6989217474354,0.07171636772728063,770.7744748330826,67.13650386868456,0.9190253049578769,0.0,0.610093746556934,0.600629243966182
compostable,paper/cardboard,26.508489262135686,0.5756522716479129,0,0.01778669262885341,0.03516788863423959,0.23893885868164888,266.7713519597298,0.2,806.2944858445485,64.03640447890069,0.5894979347631244,0.03150880341329129,0.3664112707749455,0.6992961242372346
recyclable,metal_ferrous,8.188949373571974,703.5110514504919,1,0.08263131278473598,0.006916185751213884,0.8691182904005551,1300.5363224465784,11.991641667999296,6360.291517581,548.3904064943661,0.05876397547749248,0.0010037212608877757,0.0,0.13318569516722334
compostable,food,76.47845768141383,16.41188300832374,0,0.020872048927449077,0.13475255202153766,0.10018805106124384,473.35289462846913,0.31438235357548794,235.99549775585882,54.705772727367865,0.817037056236127,0.0499488442837918,0.5961368530189216,0.4312419043593799
landfill,contaminated_paper_plastic,37.14930007823038,1.9728785319165314,0,0.13852724786253764,0.0,0.3330453350590345,176.4659538384438,0.5042786697297067,1159.9878835391153,102.22451287434316,0.45227780354675784,0.35543543353449275,0.32573365529560416,0.7055383972087357
landfill,film,13.54095318069549,0.3424000089193356,0,0.0352863641384517,0.4362922126961278,0.3135649962962811,152.3741834480189,0.9817238733087387,1151.5398485423657,127.05015467383073,0.3637857775969372,0.22695211676776736,0.2909186632281743,0.7945946300888318
compostable,food,77.36233483042949,17.907732639963285,0,0.02342736562379941,0.044217585880587974,0.1259117043528569,272.5773611559087,0.3200389479013228,407.8722458080425,96.42805565547289,0.8474894631654769,0.0,0.7486125954092192,0.553790126350042
landfill,film,12.7680741439764,0.4808298024645251,0,0.039789904230442194,0.7410724713026169,0.37166735462656886,146.14777230283718,0.1131854889415077,1248.8325914669545,73.08520781739117,0.22216897441234237,0.22419035120030115,0.3005604027882109,0.517081362368223
recyclable,glass,9.588170021079344,0.3895341375301937,0,0.03573372701509177,0.7580234021682075,0.6806390488964491,1086.1465996182824,10.604867823609252,4256.7591560724995,797.8980042391767,0.0470139863883725,0.284419057787003,0.09377428510908216,0.15240485483038618
landfill,textile,19.679044385924897,0.34210151142525913,0,0.051219273283990036,0.13473898417085553,0.2687302131849315,91.34228197385198,1.800374430430268,300.0,167.53249533322162,0.5401467606506156,0.15946383378108536,0.42366563475958785,0.6924282936454784
recyclable,glass,23.266040284762788,0.3684193639700867,0,0.0,0.8255494046074563,0.8048203967675276,690.4558794171171,7.499153352483782,5034.1854890638715,750.6732256824861,0.10338491809946963,0.2285395448910003,0.13837002556412584,0.1367698814190459
landfill,film,13.067995352490971,0.0,0,0.0,0.2503818034302675,0.6024986079740283,167.36033433857907,0.8148881040144104,1354.0982146415827,78.425457481826,0.31102350056939965,0.3512113157259837,0.3179598519108239,0.5726939353371516
recyclable,paper/cardboard,36.183381367931275,0.0,0,0.024479899378020975,0.1715734341617528,0.24950882641157085,263.36896129513224,3.057054607884181,816.8746313006643,82.08840436668825,0.6986876065009262,0.7810245498934936,0.0363805149295829,0.312784028809421
landfill,textile,26.82523634407338,0.3701137624272849,0,0.0304374823436265,0.27806385994777083,0.4395475115585487,139.72638423698447,1.2519102174195795,628.2932481315419,167.11008811111435,0.6330032048583842,0.22557192357624226,0.1132185513023795,0.7432157141533074
recyclable,metal_ferrous,5.696751552015304,630.3420611431828,1,0.0494631506897495,0.0,0.8468321988624964,1230.0696084955434,16.172917074004204,5372.835586168043,570.6322093547128,0.03873185235858256,0.07852105866803978,0.07348549029747978,0.148133328037879
landfill,contaminated_paper_plastic,51.319103799028284,7.087564936540337,0,0.03328011371452473,0.2844079790123119,0.20438514746728953,268.6850618737871,1.6768644230762013,300.0,139.74980762902285,0.44592405657545264,0.31074127645084665,0.741420365245481,0.6151318650092539
recyclable,metal_ferrous,3.1652020706947717,751.5411880254023,1,0.04866915633465315,0.013784673554538081,0.8029941455113617,1583.5664918983525,9.232761045468141,7008.835217708281,378.21795945018016,0.05537099737135112,0.0,0.15551385865530065,0.2716589339759652
landfill,contaminated_paper_plastic,30.78208981703856,3.9636637636774763,0,0.12184539198829444,0.30429390899965786,0.4526530975150793,259.6465506400886,0.5646851946852033,300.0,190.1844010253505,0.5930354166432585,0.3283332233510821,0.34302913544265995,0.8057402598257055
compostable,food,66.98291455628342,19.936338796292183,0,0.016500804866091828,0.012212742025357763,0.1929207874856323,342.18384218507555,0.5070452893422821,498.1762006711593,97.14738914578945,0.8579758586303962,0.07824811288783992,0.822664944880043,0.7668249058820775
recyclable,paper/cardboard,21.956551289460485,0.8870710328099858,0,0.03237112713955849,0.25899734877103875,0.20988233614728746,300.4941389759185,1.4703890934979538,1237.3154300723143,91.00971838780603,0.6896158846996845,0.481146220539724,0.14096860635744882,0.41405587076066935
recyclable,metal_ferrous,15.815542380717389,620.649291130207,1,0.03348238798997881,0.0050968923122465615,0.7929921268787573,2050.2529090841135,16.058401604690175,6440.111114556668,505.69946294537095,0.0,0.0,0.0,0.2135190340987386
landfill,textile,25.592800979343245,1.9092873966936939,0,0.04815713201179818,0.17569527361278203,0.20397691174570143,143.46311041668724,0.6517383477997604,597.0004333592998,174.6334165228536,0.37379334431050387,0.04551235889307764,0.08776137988636246,0.5959631852280937
landfill,film,27.205192333776694,0.5573180552665924,0,0.09532285761473222,0.3508303365112033,0.30921864650421693,186.73029711711504,1.184644661635032,1128.6674215520977,125.45747251369332,0.3462210578581098,0.13214004498587886,0.1107194957996816,0.44878402398593575
landfill,contaminated_paper_plastic,42.14920260529722,0.0,0,0.04268926332133789,0.23978855353706036,0.31274196180116864,297.76519308689114,1.6835386662006413,1284.7034678846221,200.21395290374335,0.6990163341400755,0.4446393166450452,0.4901648579348947,0.6350304744430367
landfill,film,13.561296377134544,1.0661008935778784,0,0.03106465577182521,0.5249635646107751,0.6948896632547226,144.15924186643605,1.289387153988891,862.1308051351325,114.64589485872689,0.11875113096636875,0.31621136745550704,0.3085453016537819,0.7768894737868843
landfill,styrofoam,0.3582433124461115,0.5790617032389525,0,0.03863177810428222,0.01386098722777531,0.27324040220178025,72.84556513342064,0.581754337468499,920.4034614220236,94.89766878876496,0.07724572756528393,0.255099357917427,0.009985758372896406,0.7002724562659276
compostable,food,84.32888823317414,15.733367855728648,0,0.0504201245431876,0.0025541739587581352,0.28978905583324466,561.8629877112462,0.4408611781952635,727.1240294365888,42.342662189709145,0.7540388670777861,0.03739871937322097,0.6206533437903977,0.4732130828687696
landfill,contaminated_paper_plastic,64.16026475000663,6.4686616201721785,0,0.11618499669760203,0.17663670371251852,0.38269076786387946,390.9174833143358,2.1976663735076816,1950.5483467328108,84.0273232153663,0.43794739974325575,0.405504936895259,0.3980644072984942,0.7965429052098715
recyclable,plastic,7.600939274609365,0.24466588719344884,0,0.031128829943483517,0.95,0.7860180909398599,253.0517980762098,1.3367540512555243,1319.5124692224495,153.4599703136522,0.22342630748693468,0.011521602068645331,0.0,0.3053611699909876
landfill,film,3.6916731437139525,0.8451192782451626,0,0.0198583285762598,0.3661342285769906,0.6679997844919215,258.3401326869759,1.5625023274728194,711.0659984735248,30.0,0.48596142591001035,0.620348741748918,0.2839216473572709,0.40942676316272675
landfill,styrofoam,2.767357602617427,0.4540313327024733,0,0.01037998164519742,0.023937259657193524,0.3242088658892962,45.450921505537636,1.0552736162912852,853.1815302979462,72.11025932724237,0.21700443707341913,0.2655907670826366,0.2357519605809958,0.7045835219854875
compostable,food,68.37332346862834,17.063454542044084,0,0.024058460417025994,0.0,0.27380041610640493,665.5053207714626,0.34680282737890344,422.45968801280316,77.14663476812262,0.846756543198962,0.12609809908709813,1.0,0.5787663327007141
compostable,food,65.42043306553856,0.9654461758837822,0,0.005381399201161619,0.04834365135631015,0.293564629081423,387.8866441156594,0.5559469879097246,496.71542078544957,99.7098318362021,1.0,0.04283918589557755,0.6265840836222667,0.7252993052482886
landfill,film,21.077117598568456,0.13123307581400379,0,0.02983408572912466,0.6244406666586738,0.7989644164200674,109.1908580548908,0.9908906162935801,1217.7675910736193,162.4192043372689,0.22374243406843777,0.47220750971854525,0.0,0.5368304647798374
compostable,food,81.69767417422207,0.0,0,0.014067850818604033,0.06206609674583905,0.05791887331043942,496.3587981373872,0.44888219475346963,851.095139663098,109.3254931303714,0.7827355544705469,0.06944136019033133,0.688907865158741,0.5458008628608453
compostable,food,97.38929413373708,15.7906633672943,0,0.0,0.08282768043169149,0.07202546638181427,544.4501524490943,0.789648894751851,335.8635363296579,94.08440323110804,0.8530224741549198,0.1375442111996143,0.984518947398092,0.5705534260796555
recyclable,metal_ferrous,9.091939295736786,665.9229072012768,1,0.04705070457636872,0.0,0.8732029627431627,1709.368443206637,9.959479570956148,5458.735556712983,821.3818725755948,0.08474336532683206,0.038545948453914514,0.009037369348201013,0.11781851715786541
landfill,contaminated_paper_plastic,24.992606749005102,5.132892954067838,0,0.07152416863979696,0.46706791269386094,0.29251872421923725,352.9550762330181,1.3835760146627019,1947.9988353198949,231.86058476360634,0.26847334308846305,0.005390794141753696,0.5122523399335009,0.6865858802519531
compostable,paper/cardboard,33.0545122942417,2.286097539757905,0,0.03699223977032426,0.11464287921187183,0.22077999231661635,228.0053543968259,0.43679914515067686,801.7368107346498,115.040795630214,0.8314763622019545,0.2652658922757342,0.41440112342026014,0.5569459472578948
recyclable,metal_ferrous,4.767434975923425,561.7579544394616,1,0.057685118170828345,0.01193311005927126,0.7959781429782252,1450.6114459546475,10.46239766806035,6038.16689187455,547.9220257331606,0.09312406659963915,0.0,0.13422515161223225,0.02980977699816645
recyclable,paper/cardboard,30.2252076644239,0.5468626100700591,0,0.0,0.06297200427336308,0.163572606148375,288.1526933461907,2.6827607261032784,1516.3861885461956,155.8670939298605,0.7734864291418706,0.22021224351987112,0.0,0.195038159185232
landfill,textile,25.009508376357992,1.0811438318496203,0,0.025361453730078587,0.08261851495306291,0.3395145913871687,231.5359211615589,0.5101381117135105,795.7637587365621,118.55315123380471,0.5105255686157769,0.24072803794471406,0.11709593438037516,0.7313822316070996
recyclable,plastic,7.976536263246654,0.31320932287721326,0,0.1173470622194498,0.7048045548142106,0.6488778804888881,237.33512779981385,1.7069658860373997,1661.3198416667296,68.71710021676961,0.17587789633845224,0.08280096772518325,0.16947966632216405,0.409047086399473
landfill,contaminated_paper_plastic,63.020493874386645,4.984349962819686,0,0.0920298237894898,0.08680934264100909,0.5006178506673326,293.0112172332505,1.1660963252044751,1049.12111941514,122.5772850912863,0.5008234795163374,0.4757878219392947,0.42456744074117375,0.7844721514944951
recyclable,plastic,9.199514785760423,0.586094633556493,0,0.03033244375885636,0.23256238606430923,0.6189025855987633,269.8820639060687,2.7637917924938464,1020.8168150637352,138.67143735847134,0.1688477150779699,0.5940449610976701,0.07755409496789571,0.25668121931299215
landfill,textile,2.2102818156362893,2.3458750031777167,0,0.038553871771646556,0.17859740988654604,0.2906598341850337,191.68773363339142,1.9764081992774822,955.6949377073051,134.800134491517,0.5120588241736185,0.035030707540141925,0.7154542233828078,0.7034278915333103
recyclable,metal_nonferrous,3.4708028205684744,504.8214720446841,0,0.6619383100149941,0.0002233923931860801,0.9354837706730939,1030.2814781249556,9.12194362307417,5258.207461579647,723.7618727282503,0.05522501680285857,0.1523197960299624,0.2546687798171486,0.24567507986617876
recyclable,glass,5.535339149980449,0.47108169381120313,0,0.06383364081334937,0.8591176534502217,0.6206540270116528,668.7288448803412,7.874495270835391,4566.477090969793,1012.5890378047777,0.02638045434534253,0.16162084665334925,0.11154480155480631,0.0
landfill,contaminated_paper_plastic,34.82615323521768,7.264229835328269,0,0.02099096549577104,0.07730940643602768,0.4281017808571211,457.90295880013537,1.7165460627248776,1046.1536149099543,59.31251676168482,0.14722788893439864,0.6132198903700963,0.2589835423728345,0.7109383904406076
recyclable,glass,1.6568770706612508,1.4717644405610986,0,0.0072098094674234,0.9030917077626273,0.8059565572623397,761.1798757736676,11.595031318289905,5187.791883004969,1130.1520437839883,0.061226141342931556,0.04569631792643422,0.059560819564439114,0.20088535425343318
recyclable,plastic,7.046744286673444,0.2819823527956304,0,0.028367024330170396,0.628491203694104,0.5110755104775188,123.24517368327531,2.3699788253287792,1790.8671955568402,163.294580430112,0.3332113906035025,0.3018022066295279,0.17258922539922855,0.4516033352866479
compostable,paper/cardboard,34.57009305552244,0.9370908972815699,0,0.0,0.097335498880246,0.35580895861090966,134.39300299448226,1.1870877555802117,1060.1357337686934,93.07695504140453,0.7109497557987408,0.024094036386501094,0.3849180114410245,0.38648540344761106
landfill,styrofoam,0.39176881733402613,0.0,0,0.008248929070931211,0.03834614039745891,0.19992815616131276,58.33178530506877,0.3588894504718724,691.2948467834715,105.99975091843042,0.15550209437540977,0.0,0.07273077222764282,0.3787746458389024
compostable,food,76.68431843817656,0.0,0,0.0,0.04070771239036264,0.1747999186532444,443.2093813320125,0.8047426974484158,109.77962719227503,73.589698412629,0.6745616619690276,0.1331798606838918,0.6858311928336995,0.6503531966428941
recyclable,metal_ferrous,3.088369840039528,763.816017597364,1,0.03356284087379195,0.0,0.9006895591520148,1987.2275272367285,19.763726920592056,5560.329681891744,704.8379527621183,0.05770596268619402,0.08916793552620157,0.0,0.07372302243014359
compostable,food,61.188077070932366,15.005584146765376,0,0.0079872262016239,0.03541531251033617,0.10186347102164825,672.2733821410725,0.4966256938155165,288.45781420881997,90.56362280257973,0.7223325080023182,0.09462045165033288,0.40604948141803365,0.44061767413218833
compostable,food,76.10112931842603,0.0,0,0.015606562243249762,0.06785562857558733,0.2682315235793213,387.8075738071623,0.29787659927670307,399.6485912830927,92.88505294255185,0.8463000887727747,0.042916785736307285,0.7769901149670033,0.6116493059217648
compostable,paper/cardboard,38.59577225404818,3.8648697419093345,0,0.011697994220732609,0.11503503060602918,0.37702581111307876,290.6091486311797,1.3573228200021294,715.4857290846521,94.53127906505127,0.7568217299985843,0.20338108083241657,0.19704570204367147,0.5309542656988177
landfill,contaminated_paper_plastic,15.576021719896097,10.835541554529877,0,0.12290393633549831,0.48513331844055274,0.08235458025843595,155.74022145323477,2.095165835496984,361.4804226848455,35.41869890636275,0.3621045983919315,0.3883987577244535,0.768445014729755,0.727768090208357
recyclable,metal_ferrous,0.0,514.9942337917421,1,0.03200535818248816,0.0,0.8011596767271228,1403.9611312825577,10.84037515230672,6237.350681421332,631.2483762938389,0.08081106147714584,0.004467745640875508,0.2016852260805627,0.10199376981593859
recyclable,plastic,7.655194514086068,0.0,0,0.0,0.13702694446327168,0.8332707027465053,188.0183590845554,1.610002048591774,1499.1047534103275,106.62830335197503,0.09927480708414455,0.1690432773204976,0.029378209281942493,0.4859891244624849
compostable,food,64.81885638971022,16.5850225059296,0,0.0,0.03201851637737688,0.17408858713533937,472.0601419587005,1.1732584159951243,569.9600049135815,44.898635078949745,0.8123628602328741,0.0,0.6879100376054859,0.500033273159909
landfill,contaminated_paper_plastic,69.16533389046396,12.27630876078322,0,0.07805449474892942,0.3708365917220071,0.0,165.49382712455522,0.9180252760961091,1182.0099505665269,135.9050381123434,0.05,0.42720492374171193,0.5587308256561214,0.9422278549907978
compostable,food,92.70427460339462,18.861276985616154,0,0.01680122940073146,0.04904918960486556,0.06979765082897528,447.7784236809132,0.4278353402699654,564.5437120676179,49.31922641119193,0.8615477211392937,0.18729172391018045,0.6836859777314713,0.648205406651873
landfill,contaminated_paper_plastic,15.306305348626413,0.0,0,0.0,0.22907135124966774,0.3987198494793724,199.8514450999906,1.3211323165748896,1820.0133599313438,215.47138593907331,0.4281644391498755,0.5356144013321378,0.25802993955674103,0.7230096552533578
compostable,paper/cardboard,41.32277508398953,1.6182555608936404,0,0.016036086472405602,0.10550787344575918,0.26907991140499987,311.368277953488,1.0123476583158364,651.7834997286136,53.86986838969436,0.7733015737634819,0.24935742283674683,0.4366045287659992,0.4807010830471916
landfill,film,0.0,0.296161311276292,0,0.10057137518162153,0.29891055806929456,0.4580768911247829,202.30346545104817,1.4342747792276498,1064.571573092484,181.08289124299353,0.14230454591220537,0.48669615008881206,0.6367671329086693,0.6781823686783087
recyclable,paper/cardboard,23.213191123920165,1.9528910814937848,0,0.007701117949679138,0.06223838701781234,0.21809904709339373,420.6140440454437,1.0153423674567656,1154.9556503947683,59.36268917614354,0.6485439197054248,0.4061568432168536,0.034537535824493426,0.2860211432644676
recyclable,glass,0.0,1.9964052850303207,0,0.08237576910819408,0.9078139859910639,0.6246796218409029,871.6019595745088,7.6414489255587075,5637.47034518675,807.7506359874035,0.048633445665606685,0.14350938810502617,0.1896950514055924,0.34000978468204784
recyclable,metal_ferrous,5.895330766390675,565.842057774637,1,0.07146479290308455,0.0,0.7435799245431574,1735.288790432943,15.020190213681195,5114.61717865854,762.2271129449612,0.07112625524460466,0.10459026695373229,0.09438237107859068,0.0
recyclable,plastic,6.515589628586024,0.11942184387002652,0,0.0013586053708521464,0.5424872981267618,0.7354638379556269,194.0658511167487,0.2,2007.485557830628,169.5111610922447,0.1696300402658533,0.5042885099161919,0.18672470175379297,0.0
recyclable,metal_nonferrous,0.0,514.1791351382702,0,0.944487129426957,0.02666905222320009,0.8077724629668999,1223.3362550135043,10.696283913785612,6598.659833721856,525.2562158196417,0.08585230776267806,0.08687393523032143,0.0537232216898935,0.21225057001070122
landfill,textile,2.1943297396001213,2.6779658369686974,0,0.023218575982897362,0.07065685976866876,0.17206902628167797,74.07043715895594,0.31727066024953443,1713.9667139500334,108.67527085964264,0.40331015514052954,0.0,0.009105274272719094,0.7731775023849703
compostable,paper/cardboard,41.596198235483115,5.6028601985329765,0,0.0,0.0,0.17125791802549528,301.41280163619825,1.287463722702919,788.4198711914138,84.98401752936421,0.7494008328432481,0.30485170711738063,0.05674268445225755,0.44465908414528066
compostable,paper/cardboard,21.894036407382924,3.669502652649764,0,0.03827543242771171,0.0027135106654633395,0.29128872847264786,351.6664098804601,1.7598378580583174,564.4680628787212,55.854396114614026,0.7080824552186162,0.2403341312274233,0.6194541234390445,0.6059118370722697
compostable,paper/cardboard,20.933194958760318,2.9287397270931486,0,0.008988961365830246,0.09581791607680724,0.11803259197130442,316.29564684939743,1.7213112149264256,1046.5414500981958,79.689654544588,0.7405759176284742,0.15112017905637443,0.3511820277042092,0.45115834217772444
compostable,food,60.42973664654721,21.26488698800054,0,0.03583325387925872,0.08120599085260777,0.2002676407411424,448.53038725837024,0.2756864071285421,515.1609116387452,53.07095721219721,0.89800957867342,0.0697059832948503,0.5761754204811232,0.5614336990016408
compostable,paper/cardboard,26.930172847923966,2.4465416718405217,0,0.0,0.05269791005916394,0.10355151597560028,312.1804513103062,1.5977789502035629,1061.501546778638,30.708515978527693,0.8833655722342304,0.2154335928745042,0.23352512892604993,0.5235691878486411
recyclable,glass,4.711507818062356,0.449006672703161,0,0.0734083243916094,0.7971332611351883,0.5427010742927139,636.8632020324724,11.485747066719059,4729.258023642188,721.6469766884742,0.05963624778753722,0.2582431889063828,0.03207161192078213,0.2105665568642596
compostable,food,74.33298394907455,14.239749010558562,0,0.0,0.17228759898084134,0.1603376945580182,463.12737535258714,0.681441655974673,596.2018463473427,75.59710060697829,0.756762043564375,0.11300278499951971,0.982303674471255,0.7614504055385973
compostable,paper/cardboard,33.67024927665095,1.2235138929569223,0,0.01888159102955574,0.09689787641160591,0.24239125808088288,300.3806873094736,1.4475545192092614,1309.5899330677353,99.53274030661962,0.7449322284803822,0.0,0.0,0.5582563593845252
compostable,food,67.73261352315762,26.60807770837549,0,0.03355851742678538,0.025604429592714868,0.3225846570612403,377.3142092395994,0.6855238430023267,559.8585160812984,102.54353223496994,0.9449208957381482,0.08224029043460367,0.5869873194480725,0.6551966571526939
recyclable,paper/cardboard,26.434059610713046,1.7753567245201256,0,0.0392122646500697,0.17540482051810702,0.18625516289578609,306.8031403360758,2.7745542790125164,1484.9667204747875,87.73617202879252,0.6879990531012442,0.3396742350199254,0.10646657660768902,0.17787067792086766
compostable,food,88.23962258419826,12.913821189296318,0,0.023006035229237554,0.03181938938930721,0.1454443501023146,486.9362122670471,0.07245790183584361,230.36291557885738,88.58160235056788,0.8336692350502353,0.06712116645531246,0.7027650899598089,0.6417098046434005
recyclable,metal_nonferrous,13.858588263188409,330.177628892599,0,0.7120866996217445,0.006874267551265042,0.792916462833359,909.2217167693743,12.67017319742638,5271.286303096698,547.9677993119408,0.12197683850213478,0.1369571172905325,0.22579185682162617,0.19178742230660886
compostable,food,72.64240099886284,10.353124552957278,0,0.005068433069195221,0.0411612918442109,0.026110536090900263,391.06155034294744,0.4287811266575823,448.764049500924,63.96256385323053,0.8150588640111897,0.11356090626602447,0.8311775611198784,0.5220281727782079
compostable,food,74.74359246781877,6.022306566817413,0,0.0,0.09420226981805249,0.20894751176739468,416.24069314581436,0.516747679306218,603.1878435408199,30.936353577836435,0.7776757858122963,0.13559852757352792,0.5118565865246125,0.6352269518599954
landfill,film,14.472435504834303,0.4535767531808053,0,0.009415343914910081,0.30062477453169434,0.5632996485024198,296.3924680191301,1.0506212400456951,855.5245990998856,90.05663330183344,0.2008233387343797,0.6065940171323598,0.17813380372972681,0.7360305801915428
landfill,textile,22.313585510075225,2.459160994188691,0,0.013779296939179862,0.11294466425474443,0.19089802605687736,30.0,1.1123541063408076,1320.7167722611491,106.93779741035941,0.22680445766729082,0.09671509563056908,0.34227001858169026,0.9367029727656285
landfill,contaminated_paper_plastic,37.304736939449285,6.276483367474166,0,0.12122306903998291,0.383536948963891,0.6669893456767286,264.9592198252404,1.5329802989991677,1971.7732533110257,123.86555685752467,0.3926849663307053,0.35320733260269566,0.6299197475958813,0.8598206580862348
compostable,food,62.74520619443144,17.666851578394827,0,0.024876014275423977,0.021796068463163582,0.047575648106328444,554.6948793936174,0.6625502944896653,480.16482724412344,116.16592490119164,0.7343932186939077,0.0,0.5962137895178133,0.5945296780373402
landfill,styrofoam,8.205179174253814,0.0,0,0.0,0.030630912749264258,0.34038561356993885,96.53294158623876,0.96697881376432,1092.1806985578091,82.64077541436593,0.2235938387659285,0.29880281953726073,0.0,0.4838497916197584
recyclable,paper/cardboard,37.0357805453346,0.0,0,0.015080093232885984,0.1512692527566401,0.24696460276756285,320.5893792024085,1.871211984766051,957.3108321222599,174.5266901311425,0.7594102482383545,0.157912998328269,0.012489695188324434,0.2034309549850331
recyclable,plastic,1.0257182376622946,0.0,0,0.014499227855422389,0.5759996451603191,0.4905445590719423,253.6997902952784,2.0927879618284155,1713.7388853815137,71.57922871809637,0.2796134132126885,0.5187261345656624,0.13811129606424133,0.4871116047580485
recyclable,metal_nonferrous,5.338359018755684,371.92653687434347,0,0.7485453326378376,0.006989530717174211,0.7496769711037111,976.4690136795672,10.04508325086129,3699.181336787641,344.61977514023715,0.09008833667742688,0.023148531942365137,0.1845379929024335,0.3166807104250544
landfill,contaminated_paper_plastic,20.914202844470438,4.688367814674726,0,0.10662209806399048,0.42597929544684,0.2548163828012443,518.0372951997454,0.5971770835759225,1841.7742616639348,115.04731913861016,0.29323381142339816,0.20104876864312224,0.4395104600701762,0.8195966605240332
landfill,textile,26.25172248190126,0.3926769545290849,0,0.03283030313029789,0.02956396757791184,0.2445828760261229,115.55917419144657,2.0097730703336083,571.9053383672622,185.45277232798742,0.4058373742025996,0.15147462065212128,0.24672046747131812,0.7880017608613816
recyclable,metal_nonferrous,15.122466072450532,355.2815393555471,0,0.7668295592948776,0.0,0.8251555672699883,928.2083229641172,12.189318811102586,4882.79794604107,586.8849557314051,0.10060573733036768,0.0,0.2697305045864163,0.19168481151201244
recyclable,glass,3.152215433576658,0.5611215022735331,0,0.017431096634362958,0.7840310392187982,0.5941199851752179,721.1217536286929,11.80374802962482,3905.077450835255,636.71348458468,0.061732095399070146,0.24067922165713038,0.13649995908228263,0.0
recyclable,metal_ferrous,11.825634873387251,638.8154707865882,1,0.08586594164260128,0.0,0.8853207270134174,1787.9615090010827,8.28131314175928,5196.555269581133,488.1086810286598,0.050153756724541254,0.08767097317512154,0.05083689730471241,0.11436514817187961
landfill,textile,56.48824344991329,0.03198703541071912,0,0.05443408375279257,0.04140492312861879,0.2810854173756573,225.80489834173522,1.7773740411097685,1119.8984692748897,219.4998087439684,0.31159951531222296,0.2527908579039384,0.2592443091548172,0.5653638256060701
compostable,paper/cardboard,41.23882567434503,5.737635681087706,0,0.028394112167145318,0.09382907527955245,0.1805989256577045,158.6206688586679,1.7422291742841391,747.2855900487335,102.61208140957542,0.5949572554742997,0.03846484025906635,0.5652631098833353,0.44790465665632356
landfill,styrofoam,1.2684308862610179,0.5524442172757076,0,0.0,0.03361024720612685,0.24500079719423984,60.31817316799262,0.8721984224312325,952.6099549523733,88.93777682863947,0.15423592024994234,0.15108927864083654,0.05884841979616453,0.6760069318922985
compostable,paper/cardboard,32.595769066470034,2.463684184269696,0,0.0429206028828413,0.04113142575770467,0.2891152429147826,162.25847312309608,1.8518568524451196,806.8311040120063,83.93253130436796,0.5687991863053645,0.12542463391467684,0.19402902034596733,0.4088530481939791
landfill,film,6.7254069217826595,0.2726795943582664,0,0.012918961834540624,0.38259695533637256,0.4450378903616264,179.2044901294836,0.9986567061451332,1409.4190460428072,76.94353002866237,0.21596595171170968,0.24614160525817977,0.3320164438159471,0.48101682041894483
landfill,contaminated_paper_plastic,31.80532015174683,3.9745774285874145,0,0.08662639995901095,0.15059053160561855,0.7636557407485643,283.0630699350435,1.0078982950675646,1029.8572360521584,96.03463768442815,0.33700410238365186,0.2798653212682807,0.352472185300284,0.6710189671035476
recyclable,metal_nonferrous,7.930909471540129,654.5989712362339,0,0.8875838801781861,0.0,0.7578755893490638,735.5305130633409,11.227194815002171,6799.953460148269,364.01189794219636,0.06634403285551523,0.0,0.028096015180492998,0.27510170602262995
landfill,film,6.309440715627455,0.6380524743655075,0,0.10493466454967121,0.45638360415021006,0.6739682940198586,186.5842634002023,1.6095322066787605,320.16393090958695,180.0331363582717,0.34837360439035636,0.07919144407966403,0.09057972687884513,0.472382587705777
recyclable,plastic,1.7835084435752373,0.5808121294669306,0,0.05988377834771226,0.04567903970759146,0.7142529370657174,251.34629661728812,1.514084790706602,1856.68023242783,126.38032078367489,0.22691998310567207,0.06794731318987646,0.10849632683791824,0.7715507451971813
landfill,film,16.829864129521773,0.6512314787600995,0,0.0,0.709963721265668,0.64244967299474,194.98188128669213,0.5206673992286139,1348.9516473892475,207.58360698332393,0.24013916009953226,0.5802883688872542,0.2579316342843288,0.7711178700678711
compostable,food,77.13241201119905,1.3172451303191899,0,0.027603957020119266,0.08052928726419116,0.19478323583448318,579.6936870665546,0.708480538637226,591.8360158456874,68.24585721353382,0.6871231253187207,0.11007327533928102,0.7311531530744666,0.6325894604634448
recyclable,plastic,2.0214116823969426,0.9985962526378487,0,0.10135755179465755,0.7116719099331417,0.6320511646290276,341.1424588576387,1.3473960582152131,1487.4954343383015,168.49872698746347,0.2561458432434675,0.4646434542205373,0.046741230508877775,0.3240611305033283
compostable,food,74.76434641287983,16.41991963533718,0,0.024478282681293227,0.11820702149869222,0.16001796021183257,398.47133506496965,0.530574375758071,608.6596058072776,71.22150175814261,0.8232473352963106,0.030860581853527122,0.6005648623673577,0.4316873673840368
landfill,film,23.765295925218314,0.0,0,0.10730517119312402,0.6370326062878682,0.7116944589440264,108.37400355019497,1.0712254395884506,589.0515465797528,194.65442210202497,0.24260152184637312,0.21860196781199726,0.029725927601871538,0.22837408220564748
recyclable,glass,7.713703535371511,1.4926901976301465,0,0.0,0.737715309634907,0.6916216900110935,1463.5095272302797,8.494152732824782,4335.079281111646,432.779721655402,0.11783718341081514,0.3143811505195225,0.1631260161119928,0.11707793271526375
compostable,paper/cardboard,37.63162804640523,3.583718620776135,0,0.008587191395997744,0.12262343217164753,0.09395714815397085,430.69059292643044,1.2056597059863032,750.8971480077801,82.52045568931413,0.7847135415514175,0.10986536497794741,0.23759634658658335,0.4667695103624393
landfill,styrofoam,6.8484657898564185,0.34459034811586764,0,0.0,0.008935680796357037,0.36345967655912736,58.412072372290126,0.9140138968397447,723.4011432283701,116.96180322040932,0.13745330139792394,0.18372785121189408,0.19859928127031318,0.7376748318662826
compostable,paper/cardboard,29.036815698584263,1.6348620512409178,0,0.00020084414895972166,0.0782496194996882,0.12322993954598085,199.73581948542062,1.3034644591421551,953.1849439644151,109.57184337371432,0.6855099544339921,0.22896634162041068,0.43261963584104945,0.5667160711747392
recyclable,metal_ferrous,7.780460153942413,698.9474997123556,1,0.08270550413061341,0.0,0.7122872455041803,1593.6265662171274,12.880612589905923,7299.30122522205,550.9990128736434,0.07374256298991805,0.12577224041761237,0.13053873351700074,0.16266315749969157
landfill,contaminated_paper_plastic,17.31963302305618,6.408154451832481,0,0.06854946317104785,0.09739309544314377,0.40101707922564683,443.25588609861563,0.615563905849067,324.12869549477523,220.95680181483334,0.4301277904977141,0.20799498263697971,0.5804160474709816,0.8507070173602548
compostable,paper/cardboard,54.98422301148237,0.2876603186764999,0,0.02071132148065987,0.11261530758051153,0.06580654227080486,343.22344512653325,0.7779569298078202,1105.6956952085006,65.93372470202559,0.7754215225479089,0.3126999679553655,0.4792154788449207,0.5376974972357154
recyclable,metal_ferrous,8.804998495975061,664.2513075991087,1,0.02865613417748886,0.0,0.8212282544447779,1906.4868952219117,10.86372049019072,9499.192386531757,664.6293628522556,0.03172952020012806,0.04357268533740216,0.04786599022748675,0.0
recyclable,plastic,7.564328257454555,0.32629506401891495,0,0.03658156004313096,0.5662582850084963,0.7226887068258913,241.3980311118449,1.7665784928416777,2037.0887445404742,173.25819613732938,0.1480801183621474,0.5090492214789504,0.0,0.2253455914669283
recyclable,metal_nonferrous,4.53131924770614,461.2987195703586,0,0.7491021029878456,0.0,0.9496859585846491,829.8231821922202,17.32366516741574,6524.552135677262,594.7288219699187,0.09428721060162998,0.1864963874625976,0.02051255968548417,0.10795820810636107
recyclable,metal_ferrous,1.4171381022271152,943.786690022803,1,0.10602386012484052,0.0,0.9607481725912497,1480.160352858144,12.387562419995131,6924.071248123701,501.03770381190515,0.0995155703081844,0.05629432652883289,0.061875886142460694,0.06954105561995275
landfill,contaminated_paper_plastic,48.84550155853594,7.205023689338839,0,0.0,0.455145727912475,0.760882165339685,231.93444760239578,0.9775812508702908,1606.2058264576876,229.57315516651545,0.41364970762445663,0.09999486888247916,0.5111402381499555,0.8161723845810654
compostable,food,68.57038244337242,0.0,0,0.0,0.11179058100034694,0.13752814576506658,384.2055244211279,0.5400045564631969,600.356547233509,97.93497039756153,0.935879938391434,0.054816194794763996,0.5010928470876942,0.5503841806652069
landfill,contaminated_paper_plastic,25.87641277903191,6.245559750785708,0,0.07817578899766406,0.26618597332554067,0.364402758409731,30.0,0.6494304065362007,2010.1355426337311,196.83620441789398,0.3919460185607298,0.573633709674795,0.2239766735262103,0.7229582239544391
recyclable,metal_ferrous,6.989690465162885,551.0981256274727,1,0.06171098583186127,0.0,0.8275730458394244,1066.1803208478339,9.1800965125498,7571.981248960669,857.3861446699042,0.0670742384876313,0.06639055367870617,0.17619825255622446,0.11891060637997503
compostable,food,78.68888037370921,18.525897700314374,0,0.03720946976719491,0.020846128071553078,0.13663026289708707,483.909594058596,0.4378272184541132,821.4691152039985,82.27437379095628,0.8787902228839853,0.1264016888067189,0.8760210786227987,0.6217225870444448
compostable,paper/cardboard,44.07786025179318,0.0,0,0.033189024822272234,0.039802579263625945,0.2015141931695579,277.70228235842615,1.7281656039135336,681.3910879150204,105.69015743904578,0.6976394029362772,0.16100334263884034,0.3224219160261185,0.3731490343258831
compostable,food,81.8686837341081,15.604827302900311,0,0.0,0.0,0.12734888826049862,413.8968303431009,0.19763076614529868,577.7957458704368,76.2868402235128,0.8044584694417184,0.02709459498891459,0.8573060689624845,0.7986488535705953
recyclable,plastic,0.3955151311592031,0.0,0,0.10262736553673744,0.18141261875046488,0.6870907178163134,290.92635942061196,0.4841415907691893,1130.2926389619713,220.6589594195795,0.2426313376181632,0.2388885727618003,0.16415743023528198,0.6371764302217744
recyclable,glass,20.69832094440372,0.8785160325269887,0,0.022421253935920895,0.5906788939736703,0.7297160023808221,899.5428102889749,9.349955240803384,4548.507612329886,458.22232437118544,0.10229634227404742,0.27586595768382205,0.15458710256477273,0.27465770035733866
recyclable,glass,3.8566785019596646,0.666359664792594,0,0.0,0.8302131228882865,0.7333230534990022,1224.7874551369168,10.668870200924989,3857.3413938160393,1009.2522498640185,0.0680193984981009,0.05171563735407095,0.08623669125876221,0.3238169201145702
recyclable,metal_ferrous,13.870746833999302,478.420705526756,1,0.07570926610948359,0.0,0.8520142894856699,1544.4707051736343,15.636387612700458,5512.494384969967,691.1760508102512,0.10303990494668652,0.08581700402702053,0.28597591314587345,0.14710532372753013
recyclable,plastic,4.29453533929196,0.7087852620240014,0,0.0866589658711279,0.8256285360995226,0.5014065164934114,192.54467450506303,2.031287186822079,1679.2313364051568,236.6190191293811,0.23364293647232556,0.6826596387389994,0.11780124612061986,0.6111901405659588
compostable,paper/cardboard,34.092012748090035,5.945084353579617,0,0.0,0.10527946209179373,0.2842379175829803,504.43047708805165,1.0382410307264154,1022.8573631800499,104.24400892996617,0.7356385385242632,0.16813857585128328,0.41539630842500685,0.12016308721704722
recyclable,metal_ferrous,10.36323930898846,724.3985658874294,1,0.031050454264590684,0.0029120275513803253,0.824549869355948,1544.7902802402991,4.536533827313006,6733.862315540638,745.4053953612081,0.05105792333300326,0.052626318410765816,0.03952394346464637,0.2360441676292773
recyclable,glass,11.364685646885311,0.48793544477251327,0,0.045318020712309406,0.7863475892939353,0.8399417926653883,840.8656541578662,5.721127155253296,4669.266021292596,562.7402938615533,0.106613381380355,0.4651526691250853,0.03707423267537199,0.21323723332239847
compostable,paper/cardboard,30.380685339079026,3.08181703712198,0,0.03752338334382466,0.04658274025765992,0.17572470300533366,204.74034297225126,0.2007755930028241,950.1149078534322,105.2226339063658,0.740965344726938,0.0,0.2973725854885288,0.16724783599233783
recyclable,plastic,10.357779831440709,0.4308682211511161,0,0.0,0.826027787773703,0.9555815959577536,231.76614619567792,1.8573747649158654,1580.6954619184175,186.51845944993997,0.19043529946988833,0.3437784368281154,0.14340023203481558,0.8422123491413593
recyclable,metal_nonferrous,0.0,388.64204443538983,0,0.7907202342142774,0.018978872926587058,0.7908949969268994,1217.0444527323264,10.115665506352952,5419.609635074918,540.5240921416895,0.07494740863913357,0.09018228694803693,0.20996890140612437,0.2559680847686321
recyclable,metal_ferrous,11.185365885295695,728.7208606401024,1,0.04630590693943198,0.006025802679783409,0.8188044787879003,2216.1456070259787,9.562362689634043,9526.356915349974,605.2331920634113,0.028734673312937727,0.11840396752443005,0.11007211107159673,0.28511240983802383
compostable,food,78.12336607899464,4.289928590315113,0,0.0008569817020991424,0.06718939407749427,0.1461078118743639,453.9356394493904,0.31037616632498266,453.9198571588465,46.89417139329239,0.8912158728899829,0.1524674534306627,0.4230718206642859,0.4884586967769108
compostable,food,74.00273312845566,0.0,0,0.035201119273792054,0.05412198764672517,0.033395880042805554,412.8949107540164,0.3119608986023542,563.8349020838361,103.5112611505786,0.6699862024283404,0.0880518255403192,0.6759800806650039,0.6805608091740558
landfill,contaminated_paper_plastic,31.63539758084531,4.722179448595923,0,0.05214815600215041,0.22072213345513628,0.0,261.7587091844152,0.1,1666.1090365454975,130.03873597767492,0.06173338945979695,0.1871590645229248,0.33598493216306924,0.8928839541066005
recyclable,plastic,0.8668725855791051,0.11674520406331215,0,0.045242593846133994,0.47230401864570387,0.617599786764033,246.71721197409522,1.3801744411425205,1473.5550424191972,74.5386800398702,0.23133584128083784,0.33394340641549974,0.19272050863380097,0.2508782698942875
recyclable,glass,1.920856306543211,0.9276007538741313,0,0.037928706304597534,0.9551025741257446,0.698452835927326,683.006144367917,8.466016894487394,3120.5844261686393,501.7100519186524,0.11889775991672041,0.3047344897363532,0.12904034278448615,0.007892247903953042
compostable,food,95.20713229749443,8.32892589704848,0,0.04157361666862591,0.04807457652496464,0.13618981600473443,556.0391924984007,0.6630807196033549,184.7215686031501,106.91350874314739,0.9304073083317961,0.03621061089433294,0.7593705300156113,0.6592836223539287
recyclable,paper/cardboard,13.070266289808632,0.8072737615741824,0,0.012570759578246292,0.0,0.12152426183893045,250.62677324473196,2.3168125099104735,1257.4352147872057,143.1759063881625,0.5601091602280631,0.6149586069425186,0.2501102063024093,0.07023170459975231
landfill,film,8.242161628083219,0.27977224376590043,0,0.01765112235969796,0.44386178262641085,0.5563531703341389,106.62991228930503,0.1,702.8525178485207,107.04568080124548,0.22529205631922805,0.11054988110341948,0.16165483603064437,0.43035189172716204
recyclable,paper/cardboard,22.83581288361629,1.063577849722384,0,0.004433828939869933,0.08895994072354749,0.1783783705860313,465.15815336364153,2.0733091541652184,1480.396412200987,132.94739645515367,0.5906138392855013,0.3925316011760718,0.217048845961338,0.17384295188857965
compostable,food,77.20010406886023,29.518423465741378,0,0.0038340342928969706,0.008013907890961194,0.10204858836447822,195.13251308282318,0.36856124457980977,348.1734676892604,73.75984466190519,0.8473404780621727,0.21133195874511207,0.8425635757279075,0.5307715613205116
recyclable,metal_nonferrous,2.106054366339345,740.803394354271,0,0.8979149075390312,0.0,0.7254103005454411,542.84455110101,7.6522259123556005,6919.666171886879,513.7768092360229,0.09382391730847903,0.0,0.16383802036655243,0.16448907720716502
compostable,food,92.87836126322499,0.0,0,0.0034300595043950804,0.04483726199254763,0.018544895107666604,428.8974714681515,0.9153675414320046,504.17729765919233,75.7675226429671,0.7191868187861935,0.03685470143723658,0.6437205429514095,0.5618741883892518
compostable,paper/cardboard,38.405012283938014,0.024253318198501628,0,0.0030629806774927076,0.14248094526483335,0.23455443027337325,296.488243256021,1.0328361816936438,393.54803172215577,63.22868953288903,0.8729135269711779,0.026345331479704,0.37842197318316206,0.6511165959792797
compostable,paper/cardboard,29.344835111569765,0.0,0,0.0350219890901462,0.0,0.1819920306828211,112.9969362129423,1.0718808781853433,1310.8445389511335,99.01619728589488,0.6509205116028053,0.17625558132730992,0.35270253080666697,0.5708945518765108
recyclable,metal_ferrous,16.651654411715604,632.8445873783962,1,0.024745351043955435,0.0,0.8978914246026268,1355.5731991529356,12.528451355663076,5500.215592492763,560.2143689294696,0.0710115716470316,0.0634296790522149,0.010814225011806872,0.31969109487613523
compostable,paper/cardboard,8.963870987291575,0.0,0,0.0008244308762645029,0.012374565527963885,0.06914881271486939,337.1699020924018,1.1143729209088553,994.8513494012774,107.26181715303782,0.7412493594538027,0.2589315811380448,0.33957015706365956,0.3219509917541383
compostable,paper/cardboard,58.38011173747776,4.050218305163547,0,0.0069220322334884715,0.08136566899257193,0.17668405082188948,157.60409129884854,0.8238404334062586,759.809773255035,39.09448742860158,0.7237994774601314,0.1501113786416351,0.09906591480326388,0.5606319297915998
compostable,paper/cardboard,38.69135201827036,0.9508659724658981,0,0.047044053577342884,0.10120334307592256,0.18276129337685176,170.76814285183252,0.6736736734289971,970.2523125704515,36.685109346129096,0.8010109927715258,0.16102153867532157,0.83646394543921,0.8461874375924165
landfill,styrofoam,8.860865655187318,0.3467702040650107,0,0.019437398957533516,0.030829102901553412,0.2106839875228047,45.433414631565185,1.1072776512423392,569.8778030651055,115.5010918556871,0.19454972666963521,0.19459466258538158,0.05432896002235334,0.3331133022137398
compostable,food,75.91206469694893,16.310047939570953,0,0.001586528138412674,0.058468041201803905,0.03690284024760157,436.65287263815594,0.27402308963380256,352.8940114820467,100.90232938026094,0.9073048096475415,0.1226396684635024,0.5361530852991131,0.5620309860366237
recyclable,metal_ferrous,0.0,627.7455862609735,1,0.06358269056230084,0.01707329809559223,0.7960426838089917,1216.4942113593027,9.313716117224875,5396.117799622096,800.4986036638475,0.1164591788507211,0.06601082889744145,0.19770359565481185,0.21339583805802353
landfill,textile,27.676850080386735,1.4524964561026823,0,0.04260803327479442,0.0,0.033585263960408174,250.3380404638266,0.19683249430313576,1360.615454287682,114.15776547854688,0.2505716131606005,0.26895096600064633,0.25216536059465133,0.9532411182515652
landfill,film,10.101502126438254,0.8111836009031193,0,0.02039761086664427,0.40566405273555284,0.6258448457752076,89.08245754501104,1.2116179483194087,1754.8487160006823,129.63119888639562,0.1370935578167698,0.27000984594670396,0.0,0.6505354895964923
recyclable,paper/cardboard,27.054864275600202,1.3143087530592477,0,0.020036070127128283,0.043746015360152546,0.28867556813783146,346.56758313429526,1.797440745001289,958.0471112923253,103.92728607037658,0.6659092641831378,0.12385755517920677,0.0,0.2658952897106005
landfill,styrofoam,5.195475308617006,0.0,0,0.01387597427534184,0.10135351503220696,0.22413184678972603,65.36333899643948,0.9093244998340657,498.9175432052599,151.6975746212279,0.14704051189144013,0.2787339442232325,0.19692152772290494,0.5276647796614797
recyclable,glass,17.92963288022365,1.2986986466108115,0,0.049340694098526997,0.797618417950084,0.648939150070242,919.9788159350094,9.802325154814143,3610.9206808742056,909.0683467075701,0.08342053318558396,0.0,0.02568588140314157,0.12958713263483362
landfill,film,7.7787697905733015,0.4014330407331133,0,0.030266815248766003,0.6544856765633191,0.5891330534908606,201.29423535818415,0.9046976772879247,1522.5153934984492,163.85166539438924,0.251342048538846,0.2780075366561471,0.07820104726762661,0.6760373580204466
recyclable,paper/cardboard,38.34506133337838,0.652808211117509,0,0.0,0.08983026598461308,0.18091155746282983,344.1571946325106,1.7254755103560215,951.5458308379475,143.9979737379799,0.6288645172999874,0.37187025939309226,0.1886774070503355,0.2601450034477922
recyclable,plastic,1.0599859099852953,0.24112289969279538,0,0.04004687231200651,0.5869654067243308,0.6999140717955515,264.7862759062448,1.6663498594099715,1015.7029493483342,113.07664471294575,0.15628739044290618,0.2991966934538188,0.15355420033304795,0.21067098236647566
compostable,food,80.9094151680978,14.313349151262544,0,0.06910600279821788,0.018113000787434205,0.10752024359985458,375.22313682902825,0.3611307202099363,372.52257453869646,99.7254132776888,0.9336403398391884,0.04004775943753666,0.5751466640343657,0.6565698667663684
recyclable,paper/cardboard,32.13877444090137,1.2990144494872573,0,0.009551705432449816,0.08032306775383624,0.2648731018092557,261.1632173173729,2.0577014852424687,1566.8135378495792,61.59501481788545,0.7706341109840829,0.7708760857200458,0.14520037612019285,0.4338717859412751
recyclable,paper/cardboard,26.35176241342669,1.148045229099222,0,0.02562696694979154,0.09585117866300527,0.21816230883111565,266.7311540291217,2.237136129367185,1165.9235659136848,106.60956550471482,0.6060059347424581,0.4483796420467555,0.13871071001250918,0.40437944591485087
recyclable,glass,10.407489089595396,0.3032810518627248,0,0.0,0.8876386396903285,0.8972344479082199,1016.0628095307509,10.522838797633785,5015.200775539592,837.350267374128,0.11726663867472378,0.2474448417422799,0.07498582642773793,0.10040110899912458
landfill,contaminated_paper_plastic,45.03446722577274,2.1258291728838388,0,0.15992717645463805,0.25171624588884417,0.27599541018465773,189.35699606368712,0.8917201483751791,1986.3748331244367,65.8124093158845,0.3297704993172892,0.23766788861491478,0.44686240664861243,0.7174668368823847
landfill,contaminated_paper_plastic,57.62124275216031,7.045661020087518,0,0.08640380015120638,0.0384774539559416,0.5475056126933077,293.0298425082037,0.2494034532909617,2012.1417071369287,194.2814991256856,0.3787048861057316,0.27440205080295643,0.04695561891352468,0.8212003919557636
compostable,paper/cardboard,46.523657555377646,2.924967248133708,0,0.0,0.08861271932055187,0.22700718202103373,437.52282234490497,1.5550015869656237,1090.2116635778693,91.5021498653791,0.7510649604338759,0.32994058808473903,0.15008339037805252,0.4475841009174566
compostable,paper/cardboard,37.599499704855425,0.0,0,0.042016427968452105,0.1330685482436567,0.217240433917536,332.5494955122315,1.9044752499469495,899.9215818470564,60.453146864479976,0.7559579130265845,0.4303256459444536,0.19778607602212217,0.4457805849959021
landfill,styrofoam,3.8776204120411,0.04922404582829448,0,0.027494792431605145,0.03459261852734313,0.034821579705501954,59.03360642531312,0.1851895995488284,1346.0576504387254,61.029962584583075,0.16866946642495884,0.23098432816413644,0.09113418393207699,0.5035951357654093
landfill,textile,1.9728169719166289,1.15709865064383,0,0.02206042128951615,0.04560899464867424,0.3191023203793252,49.599548948413485,0.7791366463653178,1006.017782048954,56.36641967052432,0.6242096510903956,0.029711822387134768,0.12586559083077026,0.808957570936616
compostable,paper/cardboard,52.546351264611644,2.8972715290290547,0,0.039239743781436826,0.06814940149936861,0.23249301675965972,325.1341054394873,0.8196357081251071,979.6302511997186,65.20758341399224,0.6693695780092166,0.2027193968750849,0.39458664100701857,0.32161513023843064
recyclable,metal_nonferrous,3.5991075999303233,454.8761065951552,0,0.6698150617642148,0.001869902097246643,0.7964581344124282,854.2081499933676,9.432957106952578,6216.353856604133,449.62109617450494,0.035712123679946625,0.15027872163434075,0.04933818362317819,0.21032398968131108
compostable,food,67.98458723211361,11.751528537032785,0,0.0018063316603633278,0.0031746812605202013,0.0965776354824891,485.0631273991648,0.4531677453984063,100.0,16.98249618412335,0.7714507857714259,0.11203806102374865,0.28787427359121476,0.5400323788618043
compostable,paper/cardboard,44.93670577871971,4.14216100080561,0,0.0,0.07889825679978647,0.2585303053355976,283.19889339178997,1.4916254580009458,987.791366906771,98.54150579881566,0.6982948017545362,0.03401030350371484,0.18177047788624587,0.6064028771682975
compostable,food,64.71873487407849,7.555625764105067,0,0.024087780632059536,0.0,0.11834554305949889,488.094391350021,0.4167848989043722,481.32262822001036,56.76669718879073,0.6988423752655386,0.1025115247937467,0.9632399607470862,0.6022081956940125
landfill,film,22.179866646790074,0.0,0,0.14586620721854768,0.31774791390330337,0.5762110594288404,36.47798565085979,0.8689319667653458,1191.3928710872767,134.83027375403032,0.19369189229476264,0.1380153222208278,0.45349479151671596,0.6046210702496925
recyclable,metal_ferrous,8.44002046866882,745.3154843522029,1,0.07901534367316848,0.004939773822056448,0.8246356709717728,1822.546688317038,11.72409460139086,5701.702757544241,539.5068312133592,0.07253580951352974,0.09551078918323727,0.08531774622742776,0.0790801288760394
recyclable,plastic,1.820648721908471,0.0,0,0.18841868028129716,0.49968961996317274,0.36116489595006845,339.49678072044276,1.9277496335773994,1193.4134275920849,113.34404556569291,0.2538778236926585,0.30555470105189814,0.0,0.7417031936288403
compostable,paper/cardboard,39.35738753293428,2.6222199822863903,0,0.0,0.18076375552303203,0.2703451122645783,264.2524215468611,0.7590921038176577,986.890403450888,92.16744248535991,0.7484535158850584,0.20298928754329074,0.4259361483958889,0.7170958549087709
landfill,contaminated_paper_plastic,10.218465024605976,1.9495083342579194,0,0.13680937040669205,0.23659792819964703,0.43838440100722265,515.8575752172442,1.3478087717690992,945.9069193202088,154.61306488112862,0.24562218437449765,0.6011874080031394,0.5649123435073431,0.8849296979965067
landfill,contaminated_paper_plastic,46.13432761367456,9.982227258734502,0,0.014935413518705677,0.35872041688511325,0.33748451492106185,273.2041788719419,2.1810286023716747,778.6124716217904,198.29229581748604,0.5288409465333709,0.45400087616016194,0.35984310138130693,1.0
recyclable,paper/cardboard,25.647913501233813,1.9654374943750157,0,0.0495544059060415,0.13718490772560188,0.1795850262788573,166.58402376405957,1.558433237139253,1447.0269553686935,153.09716996486705,0.7203492052574728,0.30256616290679683,0.0,0.2806698862793371
landfill,film,6.482755960792448,0.3787150254908067,0,0.05268417771490485,0.13705022793791544,0.525701758964129,106.94165174336756,0.34812071869884176,1203.8382586795815,186.43263040656933,0.33410412769616193,0.36615795267008144,0.1604734840347527,0.7071824642195258
landfill,contaminated_paper_plastic,45.01032926682017,5.7244491555577195,0,0.1101122248124653,0.20002407611106277,0.05232048429564273,216.986457283199,1.08004204612895,1671.4516527167993,30.0,0.4574123130508083,0.4527350431586612,0.3177024229436961,0.7589553611780216
compostable,paper/cardboard,19.94092798397249,2.3694209495621665,0,0.038758310750213104,0.08062496609536252,0.38078821389667383,149.82606670096243,1.6234914119535515,856.7995656508839,109.29800387091687,0.7553045721359396,0.0920212563468004,0.38434945886890104,0.22131478229025692
recyclable,paper/cardboard,26.165080524758707,1.5796996774171124,0,0.01377065610201597,0.12410262421602548,0.10177371471544064,291.2083449797378,2.295416774088322,1295.6425018884768,119.26776369159231,0.8316898621003478,0.15504970390580577,0.009054444455378008,0.5897795975786781
recyclable,glass,11.156680350454476,0.5062609321648932,0,0.07911634934108559,0.7354916122356459,0.5714400885947227,496.03838225829196,9.931620466200137,4649.843814403612,1089.4020008015507,0.08973900308547081,0.15150114086248367,0.10014358983024857,0.1917707418460958
compostable,food,66.59855022072992,21.56037303139874,0,0.0,0.022053907636420584,0.18017695000516165,637.8628835081208,0.48356243473175303,388.96009466136036,117.02892673601475,0.7041588879667005,0.0,0.7660021675079998,0.5397534930776866
compostable,food,82.60532257118518,15.310392779611986,0,0.016294246822445835,0.043508965013328696,0.15350491775832875,432.35975980458136,0.7409697791987274,942.1046003182703,56.06270537480416,0.7104157616336737,0.07382025661541217,1.0,0.5035590518436323
recyclable,metal_nonferrous,0.0,520.7117612626321,0,0.649109703683918,0.0005305931293261904,0.86922318049082,904.6247078712329,15.031347610560612,4247.398920697815,770.6017090610932,0.10025411169220763,0.0,0.3168635439232426,0.2136254714496034
compostable,food,53.89512616292263,2.5339318986737993,0,0.0,0.03652965827777212,0.20740338046367698,630.2828462515233,0.5185236951049438,825.7231091142584,35.49746354462771,0.6837294048515876,0.07611166107723669,0.757609817340896,0.5960766302287088
landfill,film,7.071779650256353,0.2615582912879939,0,0.08248223913533259,0.01742972933043413,0.8699130582454817,179.03046750158768,0.8788340521698936,1462.7336585491705,52.88991528989389,0.1835299094848986,0.26183868514141695,0.49580086667779194,0.5930255128310163
recyclable,glass,1.7594150778415276,0.7342700807730346,0,0.08348716800195433,0.8302127690379875,0.46210039592467755,1067.512417953881,11.463499278625124,3072.7389236527374,788.8265204058496,0.09804904064544395,0.1912271237589274,0.03673832647317171,0.2815937223563556
recyclable,metal_ferrous,4.418631291608172,348.8295809320132,1,0.04672929740109609,0.0003437530902646009,0.8612412603220232,2008.6397211055237,11.290653489792422,6856.456450757474,434.522342815036,0.09461660508663691,0.05921545320390518,0.066397781816467,0.009532530653453636
recyclable,metal_ferrous,11.546816707543595,583.954279521228,1,0.10826736784268898,0.0,0.856623473126855,1112.3367899313816,4.48028528838985,7356.95446374138,620.9246694221189,0.061454891867733966,0.044690295498012345,0.34786395472570064,0.17418248619685656
compostable,paper/cardboard,37.13300127521637,2.8009627730126576,0,0.022621303724316977,0.07612782696370032,0.09632943654805286,430.58347934512904,1.9228786574551542,479.33532646932855,64.39928522784051,0.6976151726098395,0.06425546461077704,0.42589483301837977,0.39075916963900803
compostable,food,81.12950506233113,20.24464468499246,0,0.006843308922957259,0.09272626135333079,0.06264528796837496,556.829700100381,0.5429598349483828,610.6502439969568,40.61013485937871,0.7483944126178715,0.12180597527773694,0.5577477993663699,0.6555847550518947
recyclable,glass,4.592205217104349,0.4710180001658487,0,0.0,0.9004700482876924,0.8764913805550771,1598.0522169774904,9.227920366666098,5209.383726717468,358.26235196035236,0.14010937305222354,0.29314742056689275,0.061285324403901366,0.30371808002890094
landfill,film,0.0,0.1767078950408863,0,0.07064126608346608,0.31570340056672747,0.7789957397650176,185.2894358661519,0.5467622496171017,1112.9059243085012,86.3700067616546,0.23174151215875582,0.19681101393511727,0.46145712404194683,0.9174018085246491
recyclable,glass,4.881218018309301,0.05117030736247302,0,0.01087537695524965,0.819967404281283,0.6951170164066296,958.8639487777785,3.0,3773.1144980279114,663.8546049816714,0.1402024815443332,0.07039968699414417,0.11302372944799301,0.32950303097358374
compostable,paper/cardboard,31.578868915495832,2.2772903674201688,0,0.0,0.036586951920083384,0.1868469305165315,399.3540192031717,1.097487670299371,841.020867671969,79.82786888739064,0.6772194663324541,0.21539657468505857,0.1254113532232033,0.6921409365000091
landfill,film,0.0,0.29307319073287647,0,0.06242066247395548,0.47086187630377213,0.7126337230846304,126.75052110567395,1.2562522210460805,824.2683727679712,55.371955015233496,0.12022716243187673,0.060683431720687825,0.43172547422041485,0.3728139736412165
compostable,food,86.09560419495322,12.477042959361393,0,0.007061264445888522,0.0849111656806795,0.18147883083373995,557.4231864033279,0.6587929504204924,709.9105430638671,56.6191197109858,0.925391525250746,0.09383197232846797,1.0,0.5172974618292518
compostable,food,83.73155452364375,12.415567086458395,0,0.034652801544311586,0.04596417099457089,0.15629081522528723,210.2159178561471,0.7290819186756203,569.2976951795986,94.9502527464913,0.5882995697445048,0.22618622933465093,0.6790615557767239,0.732981938008502
recyclable,metal_nonferrous,4.214926695254862,455.3199792564708,0,0.8615225324353821,0.0,0.799591469437822,1079.7527528849628,12.355555246931129,3866.7828451557584,694.3593039822313,0.07298827826444824,0.09537288554321904,0.1621545353883863,0.38079150611191576
compostable,food,59.46382229134913,21.286614299028155,0,0.010645975973762174,0.0673251940865358,0.14624635368966526,507.24489926677455,0.5192054727650638,243.40155516228606,94.9066704861785,0.7804994733470949,0.0,0.6357827258551131,0.7800911748761172
recyclable,metal_ferrous,12.628410769422599,600.1664917030939,1,0.0036669845525526754,0.004928839718518698,0.9083522243386144,1419.662034199346,15.49774956076567,4999.883911852963,375.7865780325534,0.07409792186766258,0.05126926389861359,0.04267412092607159,0.2809594435971886
landfill,contaminated_paper_plastic,27.158281751507435,4.830205883952976,0,0.08040868385978295,0.2817887724539179,0.5773905214946343,285.33497322136003,0.9490506508321013,1125.1506273206248,182.31050836868508,0.494926645693389,0.3205656704303127,0.45384068419310947,0.5679295367313474
recyclable,glass,9.489996178112614,1.444639397751998,0,0.037145139184188845,0.7827382488081099,0.7220630804307163,811.9780631365297,9.811895598833855,5022.510918332053,1016.0307423892664,0.07902854017319896,0.39667526331198,0.1726418130028953,0.10925604551878121
landfill,contaminated_paper_plastic,41.996839594541186,4.611241824706254,0,0.05115553804106754,0.17775752931088956,0.6035591938071921,259.04856950559554,1.6602301310956258,1083.0762383237138,197.60764754810842,0.3052943380369042,0.5933056465099074,0.28325055185617687,0.7110024666886409
landfill,textile,16.030273765732737,1.8804864602241314,0,0.029991753052011422,0.06847218125478563,0.24778225264557538,272.0533641666941,0.7582219540721735,1361.0627926588645,126.8292846790302,0.46404755257931496,0.12836090817659773,0.23765366930550014,0.832938793890016
recyclable,plastic,16.781748158646494,0.14772215048196297,0,0.031200821032406692,0.4377821738038006,0.5765878648258369,50.0,1.783524770098999,1161.7791294581546,79.48684406041,0.2602551959786039,0.1552367986924515,0.056293166228136966,0.6839596304139444
recyclable,metal_ferrous,0.0,800.082861825086,1,0.12492245379259562,0.00046006386736340953,0.8051220017842748,2447.299177300914,8.043094505092467,7024.127760242918,626.9433408947885,0.11035442861357245,0.06798694875633943,0.060109288336923895,0.10488156296120439
recyclable,metal_nonferrous,12.879682436387558,373.42191838626513,0,0.6605061918082772,0.0015682301609819319,0.8224984393774883,1297.9198818895297,6.188913861024742,7385.632520060064,958.7862982443394,0.06866705337432569,0.0,0.06744205069013032,0.22140049673713807
landfill,textile,10.729896723294079,1.7397592906972692,0,0.06455649752441352,0.21176324416039574,0.2802222459231869,256.0804442805285,0.1,991.2677834047407,88.99734729888199,0.5836958096822763,0.16631307735065587,0.3552650490851289,0.7643028330986366
landfill,textile,22.527625342580702,0.1987796401871167,0,0.0336860995745523,0.059795069972521014,0.3094224258272593,283.82812193996136,0.1,1244.4269892782531,51.891972837356775,0.7662682877994655,0.15446256526853333,0.33941971869205956,0.6957619768486125
compostable,paper/cardboard,51.71817509521887,3.6786982284632046,0,0.03745648702011269,0.031692163831479145,0.1744428102916008,272.95806461513666,0.7977594497242136,990.0410459864418,76.55885605550459,0.772432306388019,0.051577012452680204,0.6078560919262731,0.36555010121119075
compostable,food,87.25659954515278,28.7075421829594,0,0.0,0.0,0.29967721402974257,496.75370128450845,0.2829268170309084,606.9258172244871,10.0,0.8202700405277729,0.10294748209901597,0.8386405209306744,0.47833248572489545
recyclable,metal_ferrous,11.014998176775741,466.38767046716043,1,0.007195202696559731,0.0006933716171534797,0.9103780439230619,1091.507968445016,14.460697194917952,7980.767444485991,743.1127653234942,0.1065544064461506,0.1601006962329808,0.07151263611047559,0.21095715800778583
recyclable,glass,16.617182398651057,0.22371532694057378,0,0.0,1.0,0.6002771712561223,635.2407194969755,11.759300034306492,4153.9597910626335,736.0542325523417,0.09931160496241272,0.3300299723731995,0.07332314454545824,0.33199520059142995
compostable,food,91.27488034284988,11.423919027357329,0,0.04007065795784048,0.06808180125238171,0.09839041963159005,493.3674726610097,0.8845091416164923,492.8347921780097,109.11609139535015,0.6104203916728204,0.1375331753062657,0.7130570602357257,0.5641191179440959
compostable,paper/cardboard,45.34668214264373,0.0,0,0.0,0.0,0.1233433425242072,386.10328677470926,1.4067786062993484,844.621684261969,89.44249290704867,0.6648891565939675,0.20457106588821408,0.4648817419220922,0.2576169818884291
recyclable,plastic,6.679279507831453,0.2615997353064567,0,0.04009701183905468,0.4627473935639943,0.8072175138903732,134.5183396734049,1.7417899271506976,1346.3273337172097,121.89332757429511,0.4068780140547117,0.4254291322556228,0.12292858812628008,0.6247998205203592
recyclable,metal_ferrous,5.199447128291357,377.55233520263727,1,0.02546952810184599,0.0,0.8211264691678444,1378.3907505011312,7.1189852373997535,9427.108276683379,787.8811096543845,0.04662941735440044,0.0636210698326805,0.1333972071857036,0.3191085854773477
landfill,contaminated_paper_plastic,64.20956343334512,9.4878019676609,0,0.0,0.1916614215201093,0.47261968653220776,168.5409844368536,0.1,1349.4120225082158,109.10175681416047,0.30890848696475687,0.2790639280138484,0.4232648170690377,0.7489100647085176
landfill,textile,26.064720514645558,1.0509136955354728,0,0.02511202982186032,0.0,0.17529252633149023,132.3053875495353,0.7045641856912757,1439.8314511255014,91.27717030726103,0.30929787248088836,0.0,0.17294029113981285,0.5694594942743656
landfill,textile,8.105669388505348,0.26814079014193615,0,0.0,0.05226551415561656,0.14840515672198612,30.0,1.5201331467693735,2088.1287432019526,157.280673707333,0.36956140651986585,0.21233550460532982,0.15264226111789184,0.710804990064035
compostable,food,81.49755273845746,18.073241282421176,0,0.008469791985465611,0.0,0.10630044413980137,497.01648064830556,0.1302721078064678,536.6719839558311,69.6172537706751,0.866343319968087,0.08837062578899073,0.5540396588677666,0.743588580199739
recyclable,metal_nonferrous,7.64941928601507,623.9604975995787,0,0.7147174262697856,0.0,0.9529604375242159,1232.8120305171874,14.047537146666116,6029.318208213641,631.3596101897637,0.11006708500108776,0.13801277647654653,0.0,0.08845586929501542
recyclable,glass,2.87690655950637,0.9300913191975784,0,0.05430780133126001,0.7575638564945872,0.7725081044447507,1281.7031658943163,13.7563955130739,7078.690820777367,551.5616171224965,0.19296881705580812,0.15749523337894542,0.05260276356955886,0.21270723748778453
compostable,food,77.66560525960455,8.170011026692181,0,0.045115122511470415,0.005269634889024807,0.13505026846709128,397.232273007099,0.8617444710884332,539.3109553023149,95.79611348671587,0.7011551701570422,0.09869351861084813,0.8334446193435155,0.6098740787130509
compostable,paper/cardboard,25.092155806374294,2.298726964542378,0,0.02728280592109323,0.0803589233453971,0.033946563914024064,314.4440661576132,2.085012415758897,809.9901828107543,71.79807255361698,0.7498678847769118,0.2174853852559886,0.5289102748124621,0.31131977661366683
landfill,textile,0.0,1.9465513614234737,0,0.044627255635073214,0.1005457844281314,0.03669028703730892,264.6558424834334,0.7002419681835255,1018.6586199597648,234.0419825361789,0.2944545333836156,0.32390939473971003,0.3099347619332188,0.7468206631456101
compostable,food,64.6334044729228,22.235719453262007,0,0.040834493281177026,0.0791772151505944,0.13963862025092474,519.5828742354158,0.32327685800316275,671.1111318041424,111.23702235809802,0.9056488447983349,0.02892782711348133,0.7542125975909654,0.44482301474896224
compostable,food,78.44794685283611,11.635902037590062,0,0.01151527333203913,0.021508353588062065,0.1763606988458407,267.9391563993985,0.6876447918804414,416.76111902294923,41.748266523991056,0.7839989713603348,0.1680004451803801,0.6196997369475665,0.6430144341851544
compostable,food,78.36193390583529,5.523171840626831,0,0.028481220889281796,0.026308032646454194,0.14884381832973767,515.5541097604439,0.5016055674527344,412.72282189468626,67.25975490185422,0.8129309632635732,0.05409922790825106,0.6611805905999346,0.791837660460566
landfill,contaminated_paper_plastic,31.53703833203097,0.0,0,0.06477103665775803,0.06225257940073983,0.1020127590719555,108.335412711954,1.3958286047073363,1980.5186804664036,183.50050646126195,0.4880485178362737,0.586578987775585,0.14110901818328914,0.8124211705920326
compostable,paper/cardboard,40.75233144115307,0.0,0,0.07098019417435444,0.1065513047447105,0.19042137627423839,406.3410944777232,2.13746162112505,1117.6866611471007,113.72032741179049,0.7304552019571505,0.1630169095959662,0.2786306833992648,0.3760832012428187
compostable,food,69.4075619775811,0.0,0,0.030272002131394332,0.02336495801690443,0.056406653143176944,105.3285344062021,0.49312127373734094,854.4503193339488,111.53148036369674,0.7834322994730982,0.03784515577467536,0.7703161384112536,0.480193747297405
landfill,film,11.678362123708968,0.19920321592751816,0,0.09532308854060359,0.1499567948210398,0.47395073882216193,211.663124926772,1.0577614704601266,1080.8564289388971,155.06021258900878,0.2679414171048841,0.05250061805711184,0.18713286063736695,0.8424782481770623
compostable,paper/cardboard,42.238970006856725,2.5963169319810513,0,0.03277320337286205,0.13290591625435752,0.20573338881467976,313.3280477818449,0.847572665335483,721.9448090877372,119.66836550443327,0.8349068324564782,0.1514267476425535,0.3569004120879911,0.36430784375093506
landfill,contaminated_paper_plastic,31.78246149763671,7.204506416347824,0,0.0,0.0,0.5114059244975606,469.2812280890879,0.6023730358980647,1911.0970900533976,183.908106793477,0.20957552609524632,0.12369893972956747,0.45315695467213,0.7014645254491075
compostable,food,60.97586354856561,21.142582516120164,0,0.03503866065373548,0.08955159735215235,0.07724900361642088,618.3353173123319,0.14953723430192978,617.3714187600541,124.76139064524946,0.7407570939895449,0.04035915892780596,0.7149477047631462,0.539582921506056
recyclable,metal_ferrous,16.666473170330526,415.8480053315914,1,0.03226165971890883,0.0035834451107600324,0.7662409449968319,1151.947066524057,5.628157251898005,7865.196343486763,518.2220632910517,0.1578181027741999,0.00028224671845632904,0.026283918125686298,0.14346070297145985
landfill,film,14.016271839479016,0.0,0,0.06692515783195217,0.7108564883222053,0.7965605983532282,194.06555116858004,1.611211477642911,1121.3537089916088,177.6861781900223,0.18192244336748198,0.32383981842335685,0.4893161639146944,0.5115864882769663
compostable,paper/cardboard,35.2334990662266,1.7229755107855504,0,0.011522199153552948,0.0647405577259624,0.25328382561416973,269.8280326318776,0.6635741146793724,1085.9129438850432,84.87808340338206,0.7225116692426221,0.3729093967679412,0.3469159163974239,0.5433775509678088
landfill,styrofoam,2.2091809025003593,0.13136469682418556,0,0.013353830697191225,0.034185173181757775,0.38904004280095617,70.16175428841572,0.1636616572565217,930.9319413534633,108.16631947756747,0.1495685522313066,0.02057628952362134,0.1208066759411136,0.548766615762841
recyclable,metal_ferrous,2.0093548827396903,843.4885035792081,1,0.10974111255250714,0.003929135105482163,0.9613282498001547,1429.2555403982399,9.608659301325059,7049.109698474707,665.2411557551848,0.058180399562706396,0.0768884095184242,0.12451115856587314,0.10016932247089451
landfill,contaminated_paper_plastic,32.98770009511392,1.5096218943753876,0,0.017096192731329042,0.23993228902293606,0.2996706642407085,230.6941951789197,0.3211759910294598,1866.4780824030686,225.9059933853959,0.5927229669306964,0.6080850649233724,0.28495742489085674,0.7069926620366371
compostable,food,71.30358858977111,18.23728425815472,0,0.046206174922392165,0.1197841905394978,0.10502655787373583,424.89337515065665,0.07914045194476244,338.82598670076226,94.12129082743644,0.9492466258838586,0.0,0.6111303611270659,0.5968313091649288
recyclable,metal_nonferrous,6.163916273855547,521.8140826108639,0,0.7437031680534854,0.016923465724632047,0.8115461177380829,459.3303905785285,11.01806743826866,5582.211123819225,568.0117510210483,0.06894141902642902,0.10035232083033437,0.1895750222842705,0.24830531622586538
landfill,contaminated_paper_plastic,53.02125547680537,2.8205197167059515,0,0.058291564867479224,0.24442003848284072,0.28236937493588626,434.0959359570487,0.5297149432772322,1430.8126317903855,202.15059357389254,0.4402341714844534,0.09061747734560344,0.6241635103726928,0.8392212804401515
recyclable,metal_nonferrous,16.12072188572722,701.9857493915445,0,0.9154936255332992,0.0029137898481594593,0.8025748069629473,1174.563416635667,12.196242854299067,5629.120515914088,644.7717454093229,0.07894710599646217,0.017303354576997193,0.203236859310108,0.22551992425300893
compostable,food,63.02327247222705,8.928229824381187,0,0.02500400412503389,0.1497833744891982,0.39879348448042884,522.8067670963419,0.454200845319903,606.90112969611,92.1913856468459,0.7943465899554246,0.20566479491386258,0.7345106138787103,0.6597291706909673
landfill,contaminated_paper_plastic,31.983680965994477,0.052186966228618736,0,0.02480755026293854,0.0,0.7824356095325907,147.51034538764245,2.151668478852787,1319.0422528597462,230.8377718940363,0.3620160362968323,0.39158593839233485,0.5800979279976872,0.8297462897273019
landfill,textile,24.532541121366002,2.7533751987243154,0,0.06028868994893678,0.0769289027515177,0.2767544277655925,157.83775899678483,2.332885891183189,1659.60587842096,137.6358290885988,0.4300592177314527,0.42227904021637314,0.31273245553821555,0.8870353620484103
recyclable,glass,0.0,1.0946132306278926,0,0.050017354422877254,0.8477425696850216,0.8364326244170867,1065.6340083496532,6.942860246203919,3564.7018524083105,929.9559397798495,0.09585467825869404,0.22036973215647943,0.03228017577048742,0.24079475670057537
landfill,contaminated_paper_plastic,0.7750689136913422,0.5525971733438846,0,0.026581751053298047,0.36461340311340606,0.3793743875297249,197.71691372982218,0.6654087348279417,1628.4029142547402,302.2521449787545,0.6414184299361427,0.4712299399516938,0.15487745072341197,0.7077990908587475
compostable,food,86.62373988639467,6.383575248981181,0,0.013446757068044636,0.03039459234339212,0.032918804149430506,485.5344332477491,0.5652638180449723,501.02269132849216,64.13532166562133,0.7067703406359668,0.05055482740642486,0.6485928225209845,0.5037267276934057
recyclable,glass,8.21866746348261,0.27098740849272174,0,0.04426004776282474,0.7649316400135745,0.8021624764399948,636.0025470182891,6.374863025442035,3681.279190432499,917.0900082535469,0.05532898553921169,0.038240505875939745,0.051545600005136166,0.17679576293195132
landfill,film,6.840572317421617,0.7173049983820123,0,0.002226959930355904,0.8466231834264354,0.4252677391843813,211.56524645760024,1.3218950129407878,1226.4351288435735,99.76741031499901,0.2348602508058591,0.0,0.29039560690880506,0.6524422996542578
compostable,paper/cardboard,36.543409404859595,1.5486872385754968,0,0.04778048725925524,0.11186623415115363,0.29314100299053414,174.6538075049703,1.1861797504184146,495.82165626299644,84.26544170361332,0.7001107316986658,0.2551936364715685,0.3568345821712847,0.5935110707419873
compostable,paper/cardboard,23.40094530817622,1.8637531496640938,0,0.027279412617054764,0.18465989661049725,0.07416816063057503,404.344293897047,1.5892406244060289,705.2268151558249,95.08089886465078,0.6833893400529908,0.20228262965024865,0.5763696520106826,0.5908409348946969
recyclable,plastic,10.977075952247372,0.5302247703321461,0,0.0352471905097179,0.4574287428571241,0.6969233355150269,265.9013687921521,2.4784910149220485,1976.4692179760382,132.92634967464156,0.19183949758981908,0.47078320488519854,0.15475984446412805,0.5890145043668625
landfill,film,9.540312799878862,0.5559782397533747,0,0.04374437921857789,0.1506876067681147,0.25640782746490387,105.53023988191023,1.3038697779920756,1732.1359083291877,194.99405682666207,0.3557427287114136,0.26787766402546637,0.0,0.5317169128675941
compostable,paper/cardboard,27.874263103175537,1.6687371793647356,0,0.021571540594382998,0.0,0.2120717680352089,211.82508977548738,0.7386670387177019,478.16391322232244,45.15268755330274,0.6115641997510168,0.09491748508434114,0.6429888706289852,0.42111804861571944
landfill,film,19.94992210294366,0.2987652635943557,0,0.019007650208438552,0.40434260369696856,0.44359357061339016,169.72094096978898,0.6313187053433001,1287.4094411275344,212.9603923346886,0.17806783131918263,0.26041368140572435,0.3330395283463759,0.534621396752789
landfill,film,7.237554418448141,0.9743425856343593,0,0.05422833952372631,0.28778982959554644,0.5048499390739785,248.7212971362447,0.7824175608744515,824.289350739045,98.90023099241644,0.19508735190104226,0.19082534163599169,0.019663387297136264,0.43136998545795324
landfill,contaminated_paper_plastic,43.79772736427,1.9241603493008306,0,0.05676111200962243,0.020663700766483217,0.26749657073865196,250.1428345312562,2.2887895003938468,1350.4019352298872,328.9201484280036,0.48965819250436526,0.27258315110501213,0.7578713045201387,0.8024421146488102
landfill,film,4.590087099291593,0.2952877110629173,0,0.010032214747350152,0.6470863551513601,0.5671050193489732,253.69976283398,1.1068771014736938,1196.9800722543278,144.09240695617018,0.3317992099257337,0.01934707026319854,0.2653619119936918,0.5894930334408053
recyclable,metal_nonferrous,4.41512685185358,275.66876952526945,0,0.7990161240553554,0.0,0.7651388402423505,1088.463373632897,7.747811178983204,4617.602942905029,597.453275255973,0.09157910277706628,0.0011677528049973407,0.1742472488792865,0.04295188622239218
landfill,film,25.034548139532895,0.0,0,0.013911667135046414,0.15830355914618477,0.6241750236768628,83.21615392876934,1.1165319733706596,1025.4254336713784,111.23876344063494,0.28886472460333107,0.2397067564092904,0.05404572824937304,1.0
recyclable,plastic,0.876246249618049,1.03921607670834,0,0.09953554233120426,0.5257957937980872,0.7590756889300924,187.70372528016745,2.0804043245416795,543.5685738864162,109.00993331527032,0.27834077954295705,0.3050620031205945,0.09452796064221193,0.17757858081922176
landfill,textile,10.737315497768545,0.11497136773720129,0,0.02315227913624885,0.0,0.09904453181036346,323.786690804655,1.3756850353814056,901.3746590920356,148.81967852197886,0.48509957154799443,0.3592180188126334,0.19965503528692313,0.8171797243327467
landfill,contaminated_paper_plastic,12.642607013946598,9.634261971289288,0,0.09951346515089755,0.2722852448060508,0.6713456981424242,314.27479910851014,1.4691485275511083,2078.839635911121,279.10976226549377,0.2985286573959244,0.47663903573438304,0.3171464270082836,0.8104985461140334
recyclable,metal_ferrous,5.3967592221248655,858.3232646712293,1,0.026987976337990986,0.0,0.8186427063085017,1235.558159233407,5.375157671315243,6723.296321771664,620.3789136122485,0.06842484794384045,0.042756071902605663,0.10344326966803102,0.30228414715507645
recyclable,metal_nonferrous,5.202868328322662,444.9194098682378,0,0.8230051124133863,0.0,0.7713607652469332,828.0772972243092,7.328293568226957,3468.19411124923,794.2922543167999,0.05940383740538693,0.11816880275817751,0.1855033857115434,0.09140002934835062
landfill,styrofoam,8.109136430804385,0.6578647876388837,0,0.02535018163634595,0.12392569392867714,0.12440570702877979,66.34725266510722,0.8620984208233118,887.7728229191837,131.28695911906718,0.16454475951455622,0.1513395960135095,0.17339807974186638,0.26548756358946446
compostable,food,89.6769968051439,9.929164797041347,0,0.027050099367137592,0.021482431679315975,0.004351735956118624,482.40688300697065,0.05,486.2731907829063,35.79212402917974,0.9789820799384645,0.1437953905522305,0.715863068690722,0.7516448013185602
landfill,textile,14.777680013626481,0.12522377574563226,0,0.058336295631259166,0.0627224205535247,0.1330103015481404,229.48685069443798,0.271788238752089,1450.0442184995788,210.1629872470386,0.48499117492526334,0.3093057642763895,0.3592096347051974,0.9051649634410621
compostable,food,77.34029980833752,5.933743448899278,0,0.0,0.08113556119501343,0.20036236673774485,353.48210884080095,0.7238388576906499,373.68445416693373,76.32913095094953,0.8856275210089964,0.07764712047074009,0.7682111368211701,0.5380284427334914
compostable,food,76.44037592061913,16.908143781843332,0,0.0,0.037131173128832747,0.016513274089792834,497.90677471263353,0.6617989849256852,403.3627075401252,109.34966908225081,0.7219387469598126,0.0,0.7336677727839958,0.7256517963134586
compostable,food,99.88899203699968,4.644923267308613,0,0.0,0.03569978890599446,0.23807677079988568,685.0016945064713,0.1926126013868958,599.3398446473043,58.367238580498665,0.8115241316556691,0.26510403429119245,0.474554450740727,0.6304487593793487
recyclable,glass,20.795936393629113,0.9971757599077118,0,0.05706814199830358,0.8100102055671319,0.7543032279289652,841.5255498866015,8.509766973307656,4868.716809371895,618.6614105473949,0.13972012417772814,0.18078438324824755,0.1494688453007732,0.3255600479257298
recyclable,plastic,0.0,0.5472273975720168,0,0.06732635091565002,0.34831339589377086,0.4205376567493863,342.9917384547432,2.489877273424747,505.0172965175483,137.08884853717495,0.33313536438271196,0.2643087395999839,0.04565714361813431,0.36910332102671367
recyclable,glass,0.0,0.8798936184765386,0,0.00481417325947028,0.9597817053286393,0.7142044478830545,731.7736669976496,10.657102732554081,5303.869512486526,891.2167070289004,0.03881215041467758,0.14191794516534983,0.09967417303028521,0.17587403473499397
compostable,food,97.05820412154148,10.212272141025183,0,0.013013664077636052,0.04902901970561337,0.12574561737325796,545.9930282330461,0.09592234789085302,289.2635161707292,43.30492696052018,0.896024607357886,0.1997429360807348,0.6843326172193792,0.5797413932171988
recyclable,paper/cardboard,10.917732316925498,1.2770786113814936,0,0.041113884977662996,0.04319992911606753,0.15018625867580937,365.22916218087636,2.2060453596613683,752.0430563373206,114.09253419044177,0.702650465785562,0.3816298496868074,0.0,0.42015260130322807
recyclable,metal_ferrous,6.456199996293263,762.3168469489711,1,0.04612897654610649,0.0,0.7968720510767658,1306.3777491070703,11.182769950188938,8480.469134003431,479.23572284542365,0.07565427283054309,0.01716553271862934,0.079175276698285,0.04899587880147477
landfill,styrofoam,9.768221408167317,0.4350981422680123,0,0.018846725199523944,0.11260795184830551,0.23524372640387567,52.66564662847934,0.6612544048301559,1014.5933079930318,100.95543120907938,0.20038985659831793,0.2954281099108619,0.0,0.5996110118200241
recyclable,metal_nonferrous,0.933431252051852,720.4676388181243,0,0.7502183821684804,0.0,0.9062532843165867,899.1403968374754,8.176528322153127,3881.534895564031,858.5506378555185,0.04131558238370938,0.06292247403528249,0.17300962580323526,0.2621716933003097
landfill,film,16.841064126071593,0.28788691476912776,0,0.0,0.48241422741320483,0.6445304763871904,30.0,0.4828309067086687,823.5782490424416,147.10101206740617,0.1696639567234306,0.27427981467630397,0.21210371073646145,0.5761275792693408
recyclable,metal_nonferrous,10.384382140755406,387.8816519062682,0,0.7775598357270707,0.0,0.7913488807686867,1222.4201238442677,12.055870254132904,7682.411191102947,531.5383609921611,0.12038299383542772,0.0503347886776015,0.21772680660559152,0.21781432525578764
recyclable,plastic,8.54756781964843,0.22506787607147966,0,0.11957289834779711,0.5075511380320139,0.6549160456333672,221.69781206674068,0.8457842735710702,1531.0341557945565,229.83800886992458,0.23559746523009406,0.3555914167518076,0.06867629031840317,0.4795560651131432
compostable,paper/cardboard,47.69377016984956,0.8217757344377461,0,0.0012880740247514823,0.0711041062097801,0.11610323564924407,262.4312656209511,1.3376215686253865,987.0854348115317,67.55424833935926,0.6809835701641004,0.3089199605724292,0.4244600176600911,0.8112597559022812
compostable,paper/cardboard,36.86389999039282,2.796294530245074,0,0.018841845002461825,0.0432441599637706,0.16698528633358603,156.05447140251198,2.110834599221322,591.372000394401,64.20084290382052,0.6847792636490879,0.33456908698228527,0.3521763498893981,0.31457963059543065
compostable,food,80.9605698361348,10.893885590630523,0,0.03295377076201385,0.12615149282040128,0.13126773002213313,421.90356516609836,0.8948032038768479,653.4869458305818,58.2631403516262,0.8634048034868771,0.047560761503127644,0.6301405369644615,0.629035472587924
compostable,paper/cardboard,32.2243886848436,0.8471608473303123,0,0.04942069381634208,0.04502523899161784,0.10740537485010025,359.8832041529547,0.8815452787254018,662.4841256334682,53.90989344575588,0.6813672128431586,0.1700741971324208,0.3864637591491048,0.6426959366449225
landfill,contaminated_paper_plastic,41.230694337589846,0.0,0,0.03562854098533589,0.19431607523079658,0.6562990798506825,265.7207473546755,0.21209316803883527,1515.044578085876,107.65578165815293,0.23097858460534482,0.1831681906566838,0.5585008459329031,0.9010513487712082
recyclable,metal_ferrous,6.420153158732504,576.4462757332939,1,0.013695171697575267,0.01591400367762804,0.9113699930470281,1889.2467652515936,11.083665892674954,4924.980532595895,892.9376073734265,0.06816707475982396,0.012560010198997315,0.1333441259586491,0.31671207880032975
recyclable,paper/cardboard,27.007385407583897,0.0,0,0.006529207042055143,0.05992487777598612,0.15629887926580283,370.66195942565764,1.5462775591028755,1176.9403778989015,165.9715606463833,0.624283112817065,0.7355559146597229,0.05286924086289138,0.36248774752575996
recyclable,paper/cardboard,18.991128241461873,2.0226824265741437,0,0.026706345127946157,0.1326213535936252,0.12350914376331687,266.82634867177137,2.2225205041116283,1184.5472418738216,133.13758936505656,0.6707849336978817,0.1870446072550423,0.21338104260749968,0.42045253383454945
compostable,food,75.17127681403721,4.368484644826841,0,0.01185927374146439,0.08431592284783504,0.15847155624921874,520.1295576566981,0.9941101461288714,187.15167765778972,110.4303143742156,0.8283484750018569,0.01708511661738102,0.5004529561391515,0.5773055531067559
recyclable,metal_ferrous,9.458807930830934,529.4694991822033,1,0.06836996642007537,0.0,0.7532885797075493,1060.5355781772678,5.32927749618841,6378.317176629932,554.8529531410168,0.05105688917550451,0.1121702898593581,0.19824241676865081,0.16651970125554982
compostable,food,87.96057678857578,8.42142483472999,0,0.04562032723470226,0.053392775526370166,0.21822189400977754,508.16793807533696,0.2884108362522816,371.2900335365076,95.74902043952903,0.7932179734314767,0.05174460757306023,0.556731613097597,0.6508318878712153
landfill,styrofoam,8.940689756713297,0.0,0,0.009854886030686776,0.03441462037663928,0.32940839345163375,64.5637457792191,1.3380468694447154,649.5257097668466,111.27343168899851,0.19135562518291824,0.0037651675914137095,0.02813835414769672,0.5260195146364531
recyclable,metal_nonferrous,14.06503841012188,1029.3582781355726,0,0.7004410840088908,0.004498272137265099,0.7433958171764715,892.2419390846578,7.83936393697963,4649.214038639298,573.3933821144542,0.03576491938855293,0.10734037832559352,0.10440023488266997,0.26224349729014396
compostable,food,84.10714307744118,14.249531391755006,0,0.02208402207903752,0.04687034360502388,0.08968283289066589,416.3189907759871,0.07676079645115363,480.33207464105004,45.28522232122707,0.7317128546227383,0.0925925905807435,0.9088003429516899,0.7101979927202775
landfill,contaminated_paper_plastic,37.94956612625367,6.377779777402321,0,0.12087329805323606,0.1855783568113266,0.5508375922064807,342.063333671839,0.4281183038583526,2036.4917888149148,52.17283979363749,0.6151259969060127,0.0465853926188734,0.5702473576303346,0.9734297853780207
compostable,food,58.608531465593586,21.695551883091206,0,0.02522501062467712,0.03153614303768984,0.1614710773873801,236.8517720522016,0.6021632028701677,294.1256983635857,36.183242853911636,0.6982112651025687,0.1578881862492948,0.6056104909460817,0.7840473251899799
landfill,textile,10.630340581052078,0.511726275303312,0,0.0,0.027508065710839816,0.15275762127281883,167.72492779236114,1.1790500658483751,1344.9803474502442,129.3283582400668,0.31278353704858647,0.0,0.12795062265571305,0.5833059234775594
landfill,styrofoam,0.0,0.06121121702213281,0,0.01910351339737649,0.03788559509108059,0.17922889111994378,86.00353053626279,0.1,1109.2179733795563,73.67135120533543,0.17453236929210472,0.136716399473587,0.27428881055391185,0.35304344051115855
compostable,paper/cardboard,49.073082143209334,3.3308336473835576,0,0.058824348729274986,0.03608384614101305,0.1535394470687248,320.8301330273015,1.4585958150903082,846.0830906130919,68.17597273865749,0.7905126023138856,0.2665362435054698,0.21255888491544125,0.7033164201658244
compostable,food,76.76056423719987,21.652071732066855,0,0.0036612865802552776,0.06843366544364507,0.11853289501381115,453.4493787521781,0.8196129656518247,538.2198136039807,71.16091370390372,0.7112115087216064,0.13223774962190546,0.7968226271711613,0.8595905667966552
compostable,food,88.31639810347468,15.2785492554281,0,0.015174846907629151,0.08362868506013657,0.30199055479161724,434.08395043409115,0.2563676738323396,721.4161338573946,66.99047090116004,0.6461864363188771,0.1393195174005295,0.6197007721069115,0.5891360061235007
compostable,paper/cardboard,28.326575038870633,1.73987941289276,0,0.05338139051652663,0.03287209971040618,0.2930345153496896,271.0174660957147,1.7301728436380315,548.2962476256155,104.64760502911622,0.6610583891241902,0.010167936969097513,0.38278010636164184,0.6514207682893953
landfill,contaminated_paper_plastic,31.809653985423218,3.849188447483534,0,0.035013643277577,0.2792808802747102,0.5752425158643326,378.8359456519429,1.46742548408122,399.61464903868205,149.29202405760338,0.8647361610388542,0.42484334696049564,0.5235639136887731,0.793138312772863
compostable,paper/cardboard,52.43930571251053,1.8435386818829644,0,0.0,0.12460337998658604,0.13870753775710745,362.88199321653394,1.2100843470160327,514.2204430142824,94.10736913426423,0.8956978513722239,0.2391583750217351,0.3413723370491805,0.6613015102935347
landfill,textile,17.974736726745085,2.2937531558659603,0,0.0,0.046991041399513024,0.23162774512411774,116.42922359746308,0.8466795891171535,1112.8196375025846,119.47414065497975,0.6782677859553019,0.2729516799604114,0.29672169007060856,0.7647585729214084
recyclable,metal_ferrous,0.0,660.3402115801947,1,0.0896298736862213,0.0010801412097950092,0.7865346018391994,1887.3981824440057,13.990636855495305,5768.702986965251,657.2138426301512,0.09991796702976619,0.10909450212794469,0.09468408197524353,0.16419205538206813
recyclable,plastic,0.0,0.0,0,0.038971702986634306,0.5993812126833225,0.48122032583934155,132.90452716189264,1.8930308408782932,1725.1417921828522,153.11294698060365,0.26241613769488603,0.1386435867703736,0.05508455580391205,0.7166179690410612
landfill,film,8.992574036229149,0.5044738165118515,0,0.07958726370043612,0.2856194300380152,0.4345999022525015,249.53218166731978,1.3922964474478985,1416.2689274762913,187.23657758737482,0.29595754883110653,0.5826663719762597,0.25790349433788823,0.6865893550801379
recyclable,metal_ferrous,6.042597773351843,398.1996768877138,1,0.041565078726063284,0.005053371476473485,0.886948754494091,1030.0989157423355,11.615209558548507,5339.991067634068,735.2593045710411,0.09352439249060496,0.005098638683777079,0.03871638380796801,0.15387329495016927
compostable,paper/cardboard,45.07596637317427,0.0,0,0.0019865723497503977,0.031789996428837765,0.25560392413975175,384.8509662726068,1.394922094817998,1167.9824663029494,68.0179304397003,0.7478876095888785,0.16497906859402028,0.47703231558273707,0.48271636511717037
landfill,styrofoam,5.556969468256953,0.20095939718458652,0,0.0,0.0025002148240152386,0.18366990555204138,44.55702072576115,1.0613473535183542,532.2012855327534,129.99631684140132,0.23264324685331808,0.20246020752412022,0.12003186114650682,0.4608349904616715
compostable,food,83.07433483160185,16.734513069931026,0,0.012919185781179524,0.021319911355154954,0.15814850362095892,635.8824181794225,0.19022323108652478,206.49494684951202,74.11902103091292,0.8240710161484814,0.09213391650592857,0.736592979686275,0.5732157294438234
compostable,food,83.28172790053335,8.79023622491331,0,0.024481849636208336,0.050629620039089746,0.15781408788390652,357.238825937344,0.5061275435647357,599.59965824909,106.27859019487605,0.8967416660868165,0.230722772025809,0.5848978655667926,0.7046784764064814
recyclable,metal_nonferrous,16.773527624208374,456.4319125658316,0,0.8858033439658207,0.014287601620367706,0.9147447735481662,1056.9509186771136,4.1101325564830775,6552.989838484638,747.7439820501666,0.07756798683693748,0.14722919350376243,0.16878668491739662,0.27682733771527845
compostable,food,59.13050451907716,15.854928493747932,0,0.03094529594755934,0.07744419176586823,0.12960353651570417,434.94548879965197,0.5819698810398394,517.178601258666,14.517490681311621,0.8016160295539845,0.020401549601778042,0.7262817128362767,0.9582310803124092
landfill,contaminated_paper_plastic,52.9422533228919,10.856805090094348,0,0.12108463392240085,0.273865600873125,0.45796600837414236,114.08746184289183,1.0525085239733654,958.0698983267816,30.0,0.6402678154497659,0.21083401072154492,0.6891883814870614,0.8558095680912015
compostable,food,75.22977332898903,6.868104727645523,0,0.029757445697421482,0.14021740548933714,0.1347276966618161,536.3709530577819,0.17668176053220908,308.71272463639826,81.81015694700943,0.9387292822828771,0.1048929344149962,0.6530412954215268,0.5999149686508025
landfill,textile,19.555902871121198,0.15895156960170553,0,0.07048665166843494,0.0,0.30619978518330954,172.91616608777278,2.2404990890394467,1336.3458396992885,113.80425082675383,0.3628439202348254,0.22558693723276657,0.03715348880057587,0.6079756569858505
compostable,food,86.05980134309351,10.979607036979726,0,0.05022309860494695,0.0,0.14903288417231564,299.7127866704257,0.590907970656242,677.3774780194601,59.48095515797367,0.6116628914698292,0.09392637027575462,0.7655107827600264,0.6485153705954037
recyclable,metal_nonferrous,11.689667834188269,576.4524615863494,0,0.8649364457290613,0.003319184477078873,1.0,794.4152469978523,4.868189936690458,5528.291759158246,329.1218775103572,0.03522613189982022,0.009934267290101648,0.026224887565469812,0.12453818980499398
landfill,styrofoam,2.503779678854624,0.21798885730871198,0,0.03839688974746106,0.06352567377332001,0.05720767175703931,70.10778023464273,0.33479885688662236,1151.7018821832412,65.31397185006067,0.38786566554219654,0.37608511859932137,0.04033874303720213,0.5532022088002577
recyclable,plastic,4.382425266077714,0.3057148847535956,0,0.09554722019197377,0.872595634118611,0.7593855423966129,213.34625824523044,2.4641345206698393,623.2085374880477,88.88827492465632,0.25453073789347114,0.35253950412556245,0.12238595557869157,0.43159335403774957
recyclable,metal_ferrous,7.240886618276298,665.9179035686986,1,0.08803881461309267,0.0,0.7504439245345654,1852.7541689365012,14.264876298425893,4669.769608744713,599.4293799493801,0.02229574507959107,0.016767445124896876,0.02777528584297602,0.2809264698241986
compostable,food,77.92007339187231,10.07011153714936,0,0.027041107930285937,0.0,0.26550116832586074,440.14185859289177,0.7793239578970319,568.5450692755409,81.4188304788446,0.8655813824185763,0.11133959920121206,0.7964084139801315,0.7594983036158918
landfill,styrofoam,0.0,0.6512638702055689,0,0.03386484550282863,0.03593937688558558,0.28680363304358053,59.70111841157851,1.589031961778773,600.9274527519774,94.38031829327181,0.15002982683050367,0.028035151445857526,0.33916382550549873,0.36094934734361406
recyclable,glass,4.02620368172622,0.9826633335805632,0,0.051130086295622365,0.9981632035850936,0.6582216987486381,625.5972544310683,8.095929726568636,5792.013893847261,347.7507062147681,0.0,0.2107274334717936,0.06459285657806751,0.18077278931756846
compostable,food,67.96162476523277,13.793731234326344,0,0.034292195812732365,0.0,0.2427259251964718,409.6494313582714,0.6063724833100576,739.4493847290456,35.70815756923835,0.7632447198057962,0.05980159128870066,0.5824369718313357,0.808192389100417
compostable,food,60.561589735330266,3.6636447020551763,0,0.010255941576101458,0.03240393410917455,0.08840031470420341,294.46600029001263,0.38596979313145297,536.2853240227943,84.87573664588912,0.7754061557513343,0.05109015244995961,0.5609952536729034,0.5962272995550268
landfill,styrofoam,2.107064765941442,0.3932194768871668,0,0.014541261062882994,0.04613891442007872,0.40541782530344117,68.09882707630686,0.4645369449917661,629.7727927160763,110.45979897762436,0.2529212996858218,0.26620162787071633,0.30968887478720813,0.8116011465170271
compostable,food,78.98376396682818,13.52399743823253,0,0.03418903634278079,0.028225681471507835,0.1910484638540866,418.85439868992995,0.6847026202218758,623.0734968026106,46.61403244888511,0.9068785692940026,0.042482558842016634,0.8212086697421717,0.6440744776081608
landfill,contaminated_paper_plastic,49.19365507422971,2.2476714936787276,0,0.038083870678790946,0.051512703046467684,0.3579023938925934,342.0925989121689,1.280749970887348,1955.7404094801477,77.27257869955027,0.5400429031256831,0.10033943962613634,0.46883529383472844,0.8388400107067775
recyclable,plastic,15.239334978510515,0.7762118574870707,0,0.03996573908123351,0.4690608286273348,0.804440654212954,378.5976360135142,2.1676321790679474,2368.7210669586407,113.88243354690411,0.13444905356009676,0.13599059875039723,0.11092324547546356,0.45160863896478665
landfill,styrofoam,8.791160534391516,0.1482120940974566,0,0.028863866069555877,0.07229738885626517,0.17716438649528374,86.70225335608194,0.2566972055510053,776.9585472946309,119.00752203226403,0.12938488265614986,0.23714667761205818,0.17433395969990478,0.41231618112300183
compostable,food,91.08553262148418,1.603350104579219,0,0.03659464835758349,0.09056982772457961,0.058138936899790536,548.2533172505832,0.8844829796031382,275.49103875111723,47.06242947464341,0.9014129173474802,0.09900467175779537,0.7827214412859285,0.6408707059680596
compostable,food,60.46780560285052,6.785311137582727,0,0.02094797342632828,0.006979331735802383,0.11923555646161396,570.7551371057328,0.3557770326192128,667.1384224130284,41.757328633559545,0.8623843342332226,0.18090980344605304,0.3292533249809066,0.5043725693435428
compostable,food,86.9525722296698,5.945639291444314,0,0.0,0.12506668259777434,0.12418561289262914,419.90003802539434,0.8320485354622644,611.246001880132,81.39719430204019,0.9932001875920866,0.034953723873389984,0.8391760192121855,0.6068415749876501
landfill,film,12.995008978407435,1.0392443583007036,0,0.05083598210614415,0.11663529441016202,0.6157304201886978,164.69383810276375,0.5983515756109226,1329.42353475097,39.940084028548284,0.3490566827442789,0.14828174445918213,0.07270969747893419,0.5829262841538785
recyclable,glass,8.257184413035274,0.657064748225333,0,0.0205175111663108,0.8751470946505144,0.7439150133700417,1108.2948578175456,12.206987422097452,4570.206676630972,462.28915566751465,0.0661958361272324,0.20528750808879193,0.0,0.3188664520102482
recyclable,glass,0.0,0.7269526147206736,0,0.0034285860060093015,0.8000132305252414,0.5898713510160172,1083.0378065136838,11.518260893683156,4521.046693192657,559.8261248261417,0.1435809214441545,0.10995078466944128,0.0,0.22583890099570683
landfill,textile,20.14083643666323,1.5274386518599967,0,0.0,0.008010182955384637,0.2022185759802125,117.93344757209377,0.6106449372685101,1060.054934769425,159.2311599240778,0.34859233346827834,0.37097966722621256,0.060358754774503226,0.5497693287431856
landfill,contaminated_paper_plastic,20.295293810741043,0.0,0,0.059658529855229334,0.42615615489700476,0.31826553085879167,330.83243732903867,1.1386401898694445,655.3089554483035,246.13302091593755,0.2529554320750732,0.3543253261187129,0.38169591699893896,0.8571692921478831
recyclable,metal_ferrous,8.340450099780917,617.0184060084829,1,0.055575128867082595,0.009198715159544303,0.9213246268062929,1421.7367382855,10.15156962585317,5751.761546853432,704.8223505420715,0.11346460325013147,0.03424590360455383,0.08068555482200056,0.34667825568989763
recyclable,metal_ferrous,7.4293301137954035,550.0443571419357,1,0.04068827025867304,0.0,0.8684978334525137,1587.899826935787,14.236082172233628,7112.228195726331,575.5944447646363,0.04386420909977108,0.05360766184108807,0.15905897846529296,0.08566610089161393
compostable,food,84.90499618785636,18.50807708800511,0,0.046109576143086584,0.051050192081637955,0.2045562377035971,412.76798920878525,0.5810415881221105,473.97138912646307,72.42489912481795,0.8676125620349531,0.022724552173656917,1.0,0.47927791422003574
recyclable,plastic,6.869736042064057,0.05272998315993241,0,0.0,0.6759479028817477,0.6101119888706672,264.54997778945165,2.8048339712882306,643.4276478721181,125.01995956488182,0.18324995093504695,0.6118687113463971,0.0,0.7684549846225088
recyclable,plastic,7.679236323600346,0.5065586671146315,0,0.0,0.47343650380265,0.5590874251670512,181.06589416947224,2.1605184433910622,1782.6021854189012,159.0438910073146,0.15632304583080578,0.10706305936037469,0.17941294571473643,0.5265805020512853
recyclable,paper/cardboard,28.999965529436064,1.3658590267986728,0,0.03673982309267347,0.1457948310787327,0.16338584056092537,416.43283372291035,1.045124936055863,1296.9741562600686,65.8350572052291,0.6963155086012797,0.4347381355191273,0.2876454961914663,0.13090365491815084
landfill,styrofoam,6.211315324824896,0.24961543070715891,0,0.0,0.13706918276433527,0.5911112473612551,54.428305524865706,0.9412156993660005,824.3543357660782,82.20939409676794,0.12175506725870422,0.06980384150234276,0.006440273447447575,0.6148384040878633
compostable,paper/cardboard,27.014932422446474,3.443806970876283,0,0.0,0.1134420065273109,0.22703612254701483,334.5781864805307,0.8022285912800831,962.3870473995192,60.423595381640276,0.6997789395923052,0.3035295721146391,0.4695052890606113,0.502277441381065
landfill,film,14.692811420497335,0.18279122144568413,0,0.005152926993095164,0.38508146459838477,0.611847556332079,63.81885257765036,1.1750642406089398,779.8826873570493,138.92432190501208,0.24645798593084906,0.20094008226403393,0.06574124569647141,0.5571470177861605
landfill,textile,15.754511226292234,1.085339775794894,0,0.0622830327215273,0.10192188522172704,0.016597864842963106,205.71235714944376,0.6822238525685633,1546.1084629178183,161.32853721218106,0.6207100522249783,0.34705452211097754,0.3944390853852904,0.6197083887834743
compostable,paper/cardboard,8.35494789277849,0.0,0,0.03774159552892574,0.09433870561912931,0.1696956304920082,350.835812274011,1.854319122454326,844.7393841157374,91.73424506645173,0.7354077534985044,0.4670531562328791,0.03509656033714614,0.6024834522183212
recyclable,metal_ferrous,7.088195706103766,759.0215728006905,1,0.023187619427488575,0.0,0.8376706547514315,730.1458360394554,17.01404272631243,5918.349184123391,675.8603148709199,0.06739896591555375,0.112880952817968,0.13248448979424648,0.17650757284790256
compostable,paper/cardboard,41.26700763221334,1.8041695071141919,0,0.06544869440893764,0.1244518561139946,0.22016210947030893,185.13260251154975,0.6846769530145849,973.1788705354634,93.63802994420602,0.6708701947993346,0.1969179239534472,0.5882940392065393,0.6043103711825448
recyclable,paper/cardboard,25.45960936048934,0.9574169637102061,0,0.0,0.15133873864765082,0.243556789562197,221.49550752485933,1.5298622072247858,1099.34525039008,128.959200124657,0.5904599806223485,0.6253505418123684,0.21158237815976044,0.29915542177740573
landfill,styrofoam,4.4718397260715985,0.21487754829847577,0,0.01815758101794982,0.0,0.31847016401438316,30.85401424832337,1.6161386395625958,698.8712288395761,84.45374468416226,0.1261205030533501,0.12440359617731725,0.34740935691432395,0.7004591501797277
recyclable,metal_ferrous,12.185521822035195,474.586249467056,1,0.05924029706652023,0.0,0.881644748678177,1493.2077746842501,12.087571511806702,7837.568836156117,415.11895331695797,0.04946524808161609,0.07286621405433828,0.26785771796373975,0.18619176653385183
compostable,paper/cardboard,35.60273238998816,2.9590150960032173,0,0.034578823891409004,0.04538246128831029,0.13386725075779485,248.33093922447614,1.4145655599565372,1158.470263731052,79.81349731770996,0.7926369850901639,0.1948175770997513,0.33135713342563455,0.46829236552730463
recyclable,paper/cardboard,18.079348013353084,1.131797469667331,0,0.0,0.11466326878755817,0.3197504219080685,265.0023443770954,1.4796378480054746,689.6578577198275,133.09217308458653,0.70115853479611,0.4114664247578388,0.09831729497778566,0.3090138913718563
compostable,food,67.8298776637003,23.378958893588063,0,0.05477799327595158,0.09894290253908977,0.15682545140520193,353.0081134030888,0.2923888983608587,604.5028210531515,80.45995552221709,0.9321278874357143,0.12553150647752975,0.4745379547360273,0.7262337141267502
compostable,food,100.0,17.07135217854409,0,0.0,0.059322715738471386,0.09705708281852896,552.2920001755468,0.30186981539182484,477.0527117066202,82.62468197451143,0.8892604155336097,0.0,0.6498248146238577,0.5430065626606853
landfill,styrofoam,10.748501921389348,0.2823405006909695,0,0.0,0.0,0.20610631056375922,58.56828614212242,0.44643082006866186,835.7712342569986,105.19160241698684,0.2269481019508363,0.0,0.0,0.5012603762632424
landfill,film,8.102662535766843,0.0,0,0.0,0.146544662325454,0.6987062108872928,169.29915957549517,1.0993564008951722,951.9910136651023,123.2389851765847,0.21290688963923318,0.2678210223796796,0.40036001836567037,0.6504113118758019
recyclable,glass,0.0,1.8551658221674465,0,0.04559613054305734,0.866800664641807,0.761516398427858,1077.3527451466512,8.648616286243922,3931.8829773833695,881.8791509907749,0.0954284336212581,0.10281318810927104,0.2135228489093811,0.20933520363229832
compostable,food,59.679017090156286,3.351547676733901,0,0.04106305706665807,0.04802224230716725,0.20452005578980995,453.39820513565536,0.5074390348739363,687.6567611951996,57.098881794565656,0.8276896621552786,0.04764072979064703,0.6348255658851526,0.5628993451837633
compostable,paper/cardboard,43.1473638531468,0.37519530212515995,0,0.019019413183239266,0.07198199594775846,0.20315959132309044,430.5901294318203,1.5517668164549612,630.6559807538105,124.41241125048845,0.7450505712010524,0.26244789550306996,0.5699811288917904,0.33326296257296734
landfill,contaminated_paper_plastic,68.67023383145384,3.2412719643262013,0,0.11810221142610437,0.08881169487357754,0.707653128182407,175.9858889821504,0.4849685198295941,1195.746784523125,132.14018691345265,0.5573339613830183,0.3397210145614952,0.5755404789103843,0.7150774232297648
compostable,paper/cardboard,43.31426906981374,3.46927509091866,0,0.0002839238266434674,0.06579224510356015,0.26363340033138566,380.5182468816485,0.6508562194075743,987.8699750880504,40.54436876562974,0.7237547921648295,0.40773204200951724,0.20781609240965204,0.3748515431762627
landfill,film,12.821524133988698,0.49913851276072996,0,0.0,0.5373654990905677,0.478301137681307,30.0,1.2299248060522825,653.2236463590546,77.13350323165406,0.3187902082892398,0.22792577763723257,0.41519898709927006,0.7815249143047978
compostable,paper/cardboard,68.06261292463881,1.3887787716923934,0,0.03461917952752432,0.04746700863158081,0.033678797080279016,284.6767577883685,1.093758175885558,800.0304403329071,87.13397911234019,0.7411414617316509,0.1619859658495432,0.16039907480789542,0.5729277187342908
landfill,film,18.751611204151448,0.2865255116291309,0,0.10581724187597596,0.0,0.3299049498271286,95.06206221849241,0.4901424885663051,1234.5051804743582,157.40226818323413,0.2893990572175008,0.36941222411987307,0.07898117755378312,0.4172735899789022
landfill,textile,16.569532940250554,1.1615134992384073,0,0.007036368706117409,0.3440923965456535,0.11936515916805632,262.55971276982996,1.613875887889272,1194.4551461982915,91.0655925766489,0.2847617019412345,0.14748457810968862,0.0,0.579584148904085
landfill,film,19.705812271151515,0.35680652559495596,0,0.034350943844669475,0.5788917686210259,0.6101874544371938,78.85110533910328,0.7376290324590131,1364.4611714645387,170.6151333443011,0.27620165743584757,0.4200134431713797,0.18489094219289237,0.6268004662828608
recyclable,plastic,13.119769227705834,0.8655078593165035,0,0.04854136503867197,0.577863926145912,0.816636671710165,99.93583877902601,1.2738469801260828,2034.2281822147024,208.7600270842383,0.2295411022119924,0.0789501670404883,0.07650628368711866,0.31381522867501205
landfill,film,6.332095187767271,0.22597895990565614,0,0.0,0.0,0.35047052365657905,55.78045114481901,1.0683561477103056,892.7463773332571,107.70577219551265,0.1515586953824788,0.0,0.5214959347745591,0.44995942158348173
recyclable,metal_nonferrous,8.980162129494802,697.1112472286907,0,0.72410010437856,0.01061256258512118,0.7653288346651078,1350.638960413117,8.90454216040536,4991.40841739197,689.9581520632462,0.06692630811129092,0.017927524293549574,0.061772811943696715,0.21553934678169986
landfill,film,7.278224269554921,0.3672503291236644,0,0.0681836827135078,0.34626442449500866,0.6125812376041,30.0,0.8715815738965251,428.19888283463865,67.50178906044003,0.2312834452136139,0.4714395981810332,0.31681721742461055,0.6027346495705675
landfill,film,0.0,0.2782167915407082,0,0.1053567711575357,0.2856528354501333,0.8672451696765302,239.03340922606571,0.6654346419362689,898.7345923814573,79.18364945873188,0.18704057681362024,0.09511164037466274,0.327186012477941,0.38159302599803496
recyclable,metal_ferrous,15.085939431834031,660.4911844555758,1,0.020998943278920212,0.0,0.8572042173366266,905.7867801999683,17.020325656868955,7530.0960836530685,784.0551895573308,0.02258188177572494,0.11222825801776279,0.2785199128822199,0.06791216446226825
compostable,paper/cardboard,35.97299051480989,1.0387041170235172,0,0.07078763245565722,0.07800528081241441,0.08170323036168878,287.9237810390768,1.4077434982551553,1318.340986538131,75.26369000153204,0.5934057620781088,0.2780204413717177,0.14291019411505232,0.43457668377387726
recyclable,plastic,0.0,0.1626659296590203,0,0.10711036964427789,0.781448909546205,0.6242756599417641,161.22631250585124,2.1691550756315334,1973.419641032642,101.76683257438026,0.1036869080826896,0.3905462027570479,0.12405524434002245,0.36616756465859013
landfill,film,7.788873079114578,0.4285683330324373,0,0.034557568746541915,0.6065948469828062,0.31420422021250016,30.0,0.7932836514560377,1287.4125027620496,149.13616254845,0.37322042374139114,0.3456059011269503,0.1485073002652252,0.25118697687904795
landfill,styrofoam,7.35042205673882,0.5264277389625767,0,0.0,0.0,0.3343861905828093,66.48731948487601,0.3519204794235282,616.6521572714705,64.22687177849578,0.12928274116760258,0.16115806951505748,0.09334526957192527,0.44587301518904643
compostable,paper/cardboard,22.826243279511033,0.0,0,0.02864433381518508,0.0459309882465213,0.2477478216817643,389.44039930773954,1.7495657540845797,686.9033084814741,101.88414026730025,0.770596337331384,0.12309861898752421,0.23423420639106873,0.7414280998663959
recyclable,metal_ferrous,0.0,464.2578250592901,1,0.0,0.0,0.846761714791356,1634.230447667956,12.185650058661405,5886.936003025927,571.4638733380176,0.02507659994182755,0.11816144875661252,0.07570991416815992,0.15111138809563088
compostable,food,77.35825403641765,17.6720300607081,0,0.018205286114255467,0.12200586077247365,0.09588861583525841,666.1128519492979,0.48996051233891413,213.84497957639036,73.20261037276973,0.7655158674020095,0.1388450484292107,0.6021064031046414,0.5464579880142264
landfill,contaminated_paper_plastic,17.193045015750137,3.0479487873116566,0,0.06095526825286018,0.1681311912448596,0.450086056600209,341.6344598861308,0.5052397801612163,1267.8012296876461,30.0,0.4945199943028543,0.2898371739250315,0.25331004730440576,0.7878863306755829
landfill,film,15.60043736948117,0.1641684016255489,0,0.06434210344837454,0.7354479185948914,0.7291948045013406,145.11264073332723,1.237745423632735,1331.0067818428847,170.39526030183654,0.3611953360860409,0.44567165557562,0.22711145256252083,0.6962818592216653
recyclable,metal_nonferrous,15.363642932487576,318.47592455286724,0,0.8350863432736805,0.0,0.8852301017807682,948.3908968777677,13.805749706942407,6589.695307626633,384.2847631900912,0.1227388319623173,0.1375622633213865,0.17058291940793724,0.14384121349637802
landfill,styrofoam,5.637611402029824,0.15304885093723697,0,0.0,0.16508374260253872,0.15842723758654292,80.09860588135766,0.6428795932475433,528.3409527786796,93.08442729465207,0.22543653690712506,0.31046114900788147,0.27622651106550694,1.0
recyclable,glass,7.810144688639345,1.0154596691834534,0,0.02135811604946164,0.8844818366408714,0.6886437435209548,886.0369543367973,8.056533706344474,5710.368628062625,588.7562716161223,0.05039070989805167,0.45451922790141314,0.17822780517234652,0.0
compostable,food,95.72356621480085,8.80291051508318,0,0.024493694515037717,0.0966295415936545,0.03653074136535746,238.7029425623069,0.11858592135747631,752.5168206854364,56.20354635268883,1.0,0.04050266809398279,0.7276826954795556,0.785053194308145
recyclable,metal_ferrous,0.8575535859530588,738.8962651071924,1,0.04726772418940919,0.0,0.8959124496451307,1889.1720802227587,11.939703744691045,6074.559640540851,333.9045575831806,0.049418507288944605,0.019139387667601922,0.10856459623938375,0.1654853118861973
recyclable,glass,7.21201876520216,0.5587943149436011,0,0.03454222188216056,0.8036838594120861,0.6103632452174819,787.826079345129,9.585648161141913,5039.096707515838,937.7367750148322,0.06023239907732349,0.23406134807632842,0.17700020735626387,0.2965594895144128
recyclable,glass,12.521582259542,0.7706606470041392,0,0.0,0.7815923620472636,0.5793977628591881,678.5073165255558,3.0,4990.124160714266,1201.9226450763354,0.08591282956146108,0.030047736879127124,0.04857788936800417,0.1341123154975003
compostable,food,100.0,19.854123895932755,0,0.01350337232982755,0.0,0.33327540580725934,283.2513039883685,0.08865031326077705,704.514086401928,130.99381015848184,0.9307418254808414,0.11947363840366518,0.7892131512497929,0.702409867053637
landfill,contaminated_paper_plastic,34.46363533439729,3.8634417812441306,0,0.08165408696672198,0.29060372704243287,0.06801888749896345,270.6587554734546,2.661591074537546,632.4918771759881,172.312305045024,0.7995143019693065,0.5708350313087351,0.3473206638447877,0.7747362455547124
recyclable,metal_ferrous,0.0,692.3950509070257,1,0.0811154421694715,0.0,0.8329180153480206,1688.4157758706904,14.079652804976114,4566.787273994982,467.0939629532434,0.06002261860450376,0.08515700986180247,0.29987443869771957,0.1771994273190282
landfill,film,0.0,0.3966556850914173,0,0.0887918445811909,0.5169906986172889,0.5602071967910678,178.7308543930641,0.8863929338110715,528.1103027878515,54.74636088659341,0.22968314710153212,0.25590200704508886,0.4031768821312177,0.713595633566212
landfill,styrofoam,14.673813965617885,0.0,0,0.0165382172847835,0.0449296085139068,0.2382398839859992,76.1972396974175,1.468504984121454,862.873417485498,109.65234052891577,0.20302240757089285,0.3221037708716752,0.07370836205136727,0.7220624887066263
landfill,styrofoam,11.732359387439512,0.4372058630077521,0,0.02572034581628417,0.0,0.3129751090601586,42.430024180609905,0.2874340080887895,782.0734134287579,62.87114440045231,0.2353432403187984,0.2977442551634389,0.0,0.41747159366769765
compostable,food,77.21560630238766,14.07906235398739,0,0.03563645743554621,0.0,0.04436347095325789,512.6329878740278,0.5742461683082966,550.0985700691754,78.6612052374244,0.7655980222737206,0.09625775880127024,0.7439608709948021,0.5142778298368358
compostable,paper/cardboard,43.95933637522589,2.65115563357414,0,0.06551650855295275,0.03738876785013379,0.21626711914209829,252.37190911696385,0.8522852052045424,897.283215741257,93.43381198517591,0.95,0.15790250211801574,0.18047319057729747,0.5409516076241578
recyclable,paper/cardboard,48.05636837367189,0.1844186203494549,0,0.03645145842400961,0.028191922377409903,0.2125877254138462,407.8855930156848,0.5639324419517566,1138.5202577275177,100.2876593085083,0.6238434161363903,0.46933827740668377,0.23206857064225953,0.3313409798679182
recyclable,metal_nonferrous,11.382727250041487,411.2907905242929,0,0.9244158827317874,0.0,0.660863587826176,1221.3420848574635,4.0,5755.04427735274,1078.8289806732876,0.07963869341120206,0.003961617465187514,0.09540820289705651,0.21491992113804664
compostable,food,81.92486552616649,10.37563691165606,0,0.02742291746742618,0.019800740664208973,0.15692718299783198,431.31873175295044,0.7919455154149518,550.8841686602426,78.44006655188005,0.7870498427102026,0.04586756431492545,0.6351162718270569,0.6473342570853956
compostable,food,74.08858771628972,9.441219813961249,0,0.02303515984497481,0.008242854918498847,0.3171630977355819,257.080676745833,0.5461851447239311,904.7212438459278,70.16999611399994,0.8047968771998804,0.054978820403270096,0.6729412477356388,0.7647418169611836
recyclable,metal_ferrous,6.768295883022493,767.7824916382989,1,0.03420404938711871,0.0,0.7965069249353507,1862.8521795079225,9.871706528014572,7773.5145188982115,542.6321403496065,0.010721101003251417,0.021484296610676697,0.00567134285097215,0.20339027236823376
recyclable,glass,11.754397624723115,0.9042855034450583,0,0.022069325003895992,0.7880636945317679,0.6397375695385442,900.4457602761522,6.3519707290677445,4049.765085071992,636.4543387882844,0.16498224919316057,0.0,0.08563042228754934,0.3525693792814771
compostable,paper/cardboard,34.02945802561447,2.1045169809949664,0,0.0,0.04414919254360319,0.09007910140100213,388.00339947175803,0.35774122326387015,1188.3975858292315,124.65873493157108,0.6958255530413903,0.0,0.2958034157049064,0.4903723758066771
landfill,film,12.679783701086617,0.0,0,0.005787890974237819,0.2588488875545604,0.5030905001798875,60.757533215761384,0.9436024960186336,1598.921460265871,148.1294823390057,0.4041321144801321,0.48009972788153876,0.38999230850461386,0.6112028763955328
recyclable,metal_ferrous,0.6054125650159987,742.8692955804254,1,0.10067566800955037,0.01669922781404639,0.9356764127202203,1540.7138596612103,10.90427706753046,4994.596273007122,905.3810302772689,0.08406934234445404,0.02540215475652585,0.2062445511189574,0.10272354832399992
recyclable,plastic,4.044876665672118,0.8917927047443492,0,0.017048808667016475,0.8157292823089288,0.7726200690047559,146.92331362942218,1.7149274660762752,1479.5056657871235,191.27922968375003,0.18213827292533524,0.2946956793808883,0.17583662079339962,0.40223023899797883
recyclable,metal_nonferrous,0.0,676.9913195057696,0,0.8585518455387505,0.0125451870238119,0.8640561558036461,1411.9690003474805,11.676171510833456,5812.2271486522095,634.8682203714148,0.11730407385037891,0.021031233736994143,0.04784891339748954,0.18910399854020926
landfill,contaminated_paper_plastic,52.59046365777601,3.0959290096042276,0,0.0,0.22475378936580676,0.1328786666707279,180.7542355357353,1.9334412969903014,1331.0896149061439,30.0,0.12654150348970783,0.3824171385293551,0.6224781151835376,0.5558854249648619
recyclable,plastic,0.06223416612479937,0.5315639272276537,0,0.046783117631041676,0.45896564320924726,0.8023441825991706,234.99675056711285,1.5367201708226108,1811.9314563020198,141.24455025282177,0.32548151883780435,0.20815142781805854,0.12598503464394617,0.678089910958772
recyclable,plastic,4.2129247591465,0.6812037992856199,0,0.03500612627516939,0.6420831299685649,0.6290686935608145,240.54266058597784,1.3400692193333217,1766.8261890913416,82.74717962967824,0.1709350393289164,0.40338308180497545,0.11735866736043352,0.688731472095689
landfill,textile,8.855164213606583,0.24909963404418178,0,0.03564785481057521,0.21522136630686686,0.04321520441496801,204.6372751945639,0.3939810885374563,1451.6341636056002,101.97712385483135,0.24230064729650821,0.33195303214866045,0.12609238312878482,0.6620843258376762
landfill,contaminated_paper_plastic,60.49614113297964,7.25361744179221,0,0.006200199705195419,0.3330263989232878,0.3095151470381917,167.89915559914274,0.1,1351.1910991738264,123.31193857763623,0.4673574683151308,0.0,0.48396533451673746,0.45826546032340465
landfill,textile,0.0,0.0,0,0.024916142052093672,0.13296335328077916,0.11058612547976299,198.15939938842115,0.7256958507876439,1089.2163623091337,176.11482102992548,0.53634062453329,0.08041155416914325,0.05083976607678345,0.650659192533602
landfill,textile,20.749180439929315,1.3395287874042163,0,0.11559724735433165,0.23444339080830046,0.30413574408555016,116.10368593791635,1.1861538952876953,874.7503624614453,166.99498812772657,0.42107004636022854,0.06256696485405466,0.23297993334696046,0.5980699036340433
compostable,paper/cardboard,32.0878246782556,0.0,0,0.044600011454383,0.03176472871246426,0.29399279883406254,274.40538153541416,1.8362328290471401,1069.7328225148196,86.57511276393855,0.6784482902539098,0.1390910547184704,0.4142475038562856,0.5115734744326575
compostable,paper/cardboard,43.59047293629151,2.4540689577297776,0,0.013518636495820597,0.10957210758759275,0.22761542523336836,327.666321274772,0.8701550998260956,969.1501913777952,119.88701627063698,0.6722696753110615,0.4317527206958917,0.2711553599021923,0.5048610520010204
compostable,food,79.62380855674604,4.929140510390936,0,0.02307450211891056,0.0529104359223,0.058562376173550146,492.934483241794,0.6401961315920586,716.6102486350554,96.34505130087257,0.7097864505634327,0.014352247205941401,0.7772552900812989,0.6616543141094651
landfill,film,14.34407045806924,0.6342086131427471,0,0.0,0.47421074764307264,0.4177044817736922,99.21610165333874,1.7720515922329891,1014.4919007750605,79.80189014147021,0.21408683718911253,0.08493246566171297,0.5080992042753285,0.4956478883750227
compostable,paper/cardboard,44.5741253587492,0.0,0,0.02090982952661504,0.10791682116058528,0.30996532055933684,256.64106260158724,1.3297834417410068,449.03430185940874,30.201094892174403,0.787581950062536,0.17933276476223153,0.5267769034697634,0.2939895666545376
recyclable,glass,17.419651188336633,0.0,0,0.0,0.6951656032228954,0.6450841058236223,1232.608086094704,8.698532028816325,3293.887593910693,643.1506761934896,0.020485531860375085,0.06497766779226061,0.13110551282109706,0.06261266736939711
landfill,textile,29.647837950686032,2.9684512893602903,0,0.0,0.27997382917270985,0.15407798905584036,120.36201284650181,1.277720266012903,1486.3641664515237,171.02875557875194,0.2557356368840198,0.28083561361560067,0.11031126856263918,0.5213293292715308
recyclable,paper/cardboard,21.329773852783582,0.8095908135783667,0,0.05937514618867917,0.1857814837222973,0.1391519468459889,371.38468945479786,1.6591750328275887,1317.4653525780282,124.80694635977866,0.7751714116388189,0.4622116620372603,0.11379113017857126,0.49590668077762246
compostable,food,68.68502572179095,23.106702225667583,0,0.012299563765742727,0.06914944923704643,0.16130057120699706,194.33202242313592,0.6920518041579343,543.0793010912575,82.70671599186474,1.0,0.0,0.9587044974641662,0.5655062976719574
compostable,food,70.35480357030718,17.56430206052622,0,0.036982042214862884,0.03530165261679089,0.14427205985135466,267.85515039830284,0.41074269979834765,678.0766327039572,84.38012540266416,0.8600532577104967,0.08348415810266721,0.7010594737942264,0.5207614632631863
compostable,food,81.09589592295052,3.173067150609011,0,0.0,0.06942893022654821,0.34943996139462324,449.2714906152128,0.7096226936129104,516.365871709513,67.52775867022143,0.8935261186390214,0.059680781906794406,0.7401088471107854,0.6386037367435216
recyclable,metal_nonferrous,0.9909330328987984,335.4687380924021,0,0.8657652862426022,0.00872153105684055,0.8259229154165227,1164.820579371141,9.507551761834678,7442.318003447452,581.4061508211315,0.0817359214228027,0.046720368336879425,0.15475603821091424,0.17788011833870868
compostable,food,73.178578859573,16.706537651876612,0,0.025619837354700654,0.01886502400897031,0.13335021997141797,390.83988784094004,0.3526588107639471,669.920419404205,78.92538714912618,0.7645672323791476,0.14297199128032756,0.7460949281314914,0.6975434542606752
compostable,paper/cardboard,48.152838889728784,2.850642616660221,0,0.0,0.053034749276836476,0.20704678576936425,375.398779939193,0.9283077387228179,300.0,103.08057964342584,0.622374344804482,0.0,0.0,0.6220971290296612
recyclable,plastic,5.24024438264007,0.6237034512493195,0,0.1116164302607332,0.24486751814263163,0.5604541958148327,285.6114875298448,1.1725829212989927,1180.7175694567384,210.92687138251972,0.0968399944220816,0.2957156345976011,0.1030050818063366,0.3167124154961786
landfill,contaminated_paper_plastic,43.917635039472046,4.4080450099085855,0,0.1525857950998744,0.37444843935160077,0.3693838991037195,345.8730881567709,0.9640581545022927,1316.9784425825842,147.4709223284719,0.5879620727729475,0.6365976553419156,0.6097296414382287,0.8606323921542427
landfill,contaminated_paper_plastic,53.19475892824056,3.3431568762898696,0,0.0,0.19224303330379314,0.22544778584229236,279.794825049083,1.8792581285008134,1215.9301769754163,193.4995580916965,0.433107789079794,0.5105455144875395,0.316443521142342,0.48642644860282813
recyclable,glass,13.113974762902416,0.7057828595821409,0,0.0017579049299392552,0.9396773618891502,0.7805574702806173,1143.9558343221408,9.022144259172238,3226.028339777664,965.1318998864502,0.06918514403456835,0.03322638281687973,0.2081631492779461,0.3899407520502509
landfill,textile,19.263607518801045,0.0,0,0.03448546237244326,0.1314762561455164,0.09384138229129244,115.44465060056997,1.0851814141490048,1339.8991260991927,30.0,0.5579682178785704,0.15077028366590314,0.006920402496291805,0.8129279861742317
compostable,paper/cardboard,51.436413291850215,0.0,0,0.04510807218919793,0.12729348218420727,0.11695867532247567,198.04935438590294,1.3401480865545352,688.9189907042322,92.5621160539552,0.6813737927354465,0.0,0.015429797131331136,0.5340026372741896
recyclable,metal_ferrous,13.821897210729688,662.8139940191245,1,0.056617506132120826,0.0,0.8234994179750792,1869.6007481017523,12.113089719371768,7791.437763506966,864.976770049145,0.10115818207626451,0.05465791688498712,0.05912086638434184,0.0
landfill,styrofoam,0.0,0.23195162042575596,0,0.0,0.0959630545840646,0.3395027821718293,56.30778011125901,0.3369148304234923,927.6838874018183,59.461516615945484,0.12690752539483943,0.08247011141418148,0.10614989780600464,0.73723077345129
compostable,food,85.14189565421185,11.608822532207157,0,0.0,0.04737977747112653,0.28632844130043933,599.6270058641663,0.4844989976584921,690.2898554116173,60.83732449079871,0.6836902730538624,0.015287380830931188,0.9344333152762296,0.5671208301804834
compostable,food,79.7751245993617,26.474450797864883,0,0.015639082092152524,0.007618303569045762,0.09783288891255514,319.2440355189134,0.3038095229680742,425.8983802819942,34.86082452053395,0.8212494667159682,0.1431594021650653,0.563836572977962,0.7823140708370122
landfill,film,17.80335061726213,0.32491935765038527,0,0.0,0.40147013498393985,0.35508870480369825,34.48426724475087,1.2635612407427466,1331.6246290778681,168.02545663961448,0.38029284219458115,0.18024521645441127,0.0,0.5894955334787932
landfill,styrofoam,6.386818651420484,0.4667790274276927,0,0.06092109071885584,0.13561523437187997,0.18729748847084357,30.97792027066523,0.6375394333704786,563.2543085956629,103.54042643593898,0.09731645223993511,0.19126130808915898,0.20380140545363104,0.5338886603492518
compostable,food,95.99492091824328,2.0490941168697194,0,0.006141896044081854,0.014079636721540133,0.2215939501555553,414.60603860495667,0.8119355181684335,365.3018751512263,76.97485405559505,0.7531722357392193,0.23016043894413718,0.5218602371455731,0.6371784852272433
landfill,film,7.595728254394389,0.15330795601743935,0,0.061659203363577136,0.07925410499402091,0.29009279395139914,151.15745282243657,0.8888457305437845,1237.4218308159743,252.5135233090033,0.2604514036075821,0.3697258225502192,0.07440407158936627,0.7151906495274806
compostable,food,83.18269787551574,26.77365860588827,0,0.03167856370651928,0.03203539546064703,0.19725238645538473,583.044429669949,0.705120545299341,601.4548062214595,96.66686723972884,0.9135436472356537,0.1767511293726269,0.7973064831384463,0.5799458303619774
landfill,film,10.668115325747634,0.01152405234480336,0,0.14886601905211108,0.03500445060777663,0.41702702944511305,112.37832889017633,2.1541531365282816,1822.7435536586047,229.63568861853184,0.2169341337623668,0.6439267005762663,0.3163033606913748,0.7465895055454683
compostable,paper/cardboard,49.61833654105107,4.1147366107564505,0,0.03744394000145956,0.06424566344029457,0.13997777706307568,329.9346759291778,1.5732512289364278,844.3198248058483,116.62929914285967,0.8362093396388943,0.07004148971118963,0.224461894430558,0.4789437411641995
recyclable,plastic,5.033295251601886,0.6587189328132941,0,0.07111623987249374,0.32427309712415864,0.6393641956208947,193.18664214188922,0.27882697797576217,1223.889506705118,150.82298389917673,0.19080392548065261,0.08319834373808443,0.1606165908133233,0.401621449399541
compostable,food,62.52112887449363,16.902191240500557,0,0.0,0.018811551965209745,0.3031225083093429,427.1181119083984,0.5543582182949307,674.0135461377508,82.39204719931512,0.832033512411486,0.10554727017263578,1.0,0.5930857443559697
recyclable,metal_ferrous,0.0,803.8784241246037,1,0.07281518358752428,0.0,0.8074701845754311,2070.454728858198,16.343389255373598,8126.368027214734,573.5831349060206,0.0724896225643753,0.043453709743693676,0.19025918266150701,0.11241575935048899
recyclable,paper/cardboard,32.81175336287599,0.9846117111399233,0,0.02282228993411186,0.013251054189915817,0.18929765019830083,242.56053787398503,1.9471631905746496,1971.8257167733423,137.49375725908334,0.5207087880836268,0.3349785652754129,0.13224909253744546,0.3622300395364369
compostable,food,80.18307053608729,18.40327620182146,0,0.035085826596271484,0.10944566857373215,0.2066643077760851,492.17378490498993,0.7675375595791069,494.69574815018797,47.953133719307054,0.8069546428844988,0.02785681486354856,0.5987232587538427,0.5826577595141378
compostable,food,52.325511228653625,8.381549446007387,0,0.0,0.0,0.2108331724915438,544.2960190380999,0.6063643904462412,306.6047713741574,68.8072160964505,0.8197117968727545,0.0,0.9255097452650726,0.7052834748690805
landfill,textile,6.996841463929547,2.0383860371596327,0,0.0831756903308998,0.17641582999318944,0.31484188104307465,191.87183734764545,0.7851987316607816,1504.4769490806034,62.226269031906924,0.3373367312618776,0.0,0.10741497962958674,0.7770454110272274
recyclable,glass,14.269160330332932,0.4800367683133181,0,0.05384769341626677,0.9579308084090743,0.8058170093824102,1017.6274618446392,9.02965669795196,3617.290792427797,912.7876913034496,0.14718989528886117,0.2410527247580502,0.2533807318740898,0.0274428291938916
recyclable,metal_ferrous,11.060746167500449,502.5952770579179,1,0.05885697725121809,0.0,0.8212637062089189,2145.6695596600975,15.531554889553018,7164.095976879077,254.36820960840498,0.059169723302422914,0.18515137822025418,0.08154706666882336,0.3103217572053658
recyclable,plastic,9.981700098744163,0.2993513132146479,0,0.041141594244261906,0.5997787938266513,0.5913265441620736,185.67702015258675,0.3066498659469199,1400.8183170688442,136.00159269256366,0.15872152085207364,0.4250371512662072,0.1261042366953357,0.46179501083561897
compostable,food,68.96430275338389,14.107897722648477,0,0.025884482580269874,0.0382796099841839,0.08729874675308827,367.1350737220489,0.2709520211296894,333.63555835391105,68.32054274876612,0.7627392008711398,0.1277436445998834,0.9230869233003891,0.5303936110355948
compostable,paper/cardboard,54.54999637881134,0.8364359332158919,0,0.0,0.0701031135507659,0.32475344367144865,135.14859775145766,0.7794760353442621,1274.3579207949065,136.44255858844332,0.7117255020567772,0.031313675696802906,0.6643765252713738,0.7391663587623796
compostable,food,77.70316940697059,17.541782040934876,0,0.0,0.13512573290648028,0.16618630371382415,645.8228278906931,0.31674175111900266,863.6123845115649,89.37888735086958,0.8642432068681887,0.09638171180472035,0.6627207072888326,0.7440637990168647
recyclable,metal_ferrous,0.0,533.5104802773146,1,0.04134274648537697,0.0,0.8558866071775137,1807.2732872176578,10.665579485488529,7166.8344243437505,593.2315664513923,0.04222330288326551,0.04431666554592823,0.08850723760823055,0.1834919434996954
landfill,contaminated_paper_plastic,46.62160085111536,3.5266691598432947,0,0.0211784196505187,0.0,0.5046438022353874,389.8854453588131,2.1695890079507576,1452.5863172902539,111.01682043822876,0.14452269420789804,0.5583333466166701,0.09074468664449287,0.709127510670748
recyclable,metal_nonferrous,8.47063547650202,527.449167446789,0,0.7332582925545628,0.0,0.8188913927903281,1180.99240829884,9.322579752771874,7723.71542347064,467.37338793351284,0.048358866351022406,0.056638484640193436,0.09339259397189677,0.2969968731335223
compostable,food,81.98517244162339,10.188127209201344,0,0.0008112152655304038,0.03138966119644735,0.23709988957633488,676.1503567121531,0.8858108820680473,402.2301156427452,42.00956416777472,0.8312708997528963,0.0,0.7484751571277172,0.5822876896441598
recyclable,glass,19.621394869992915,0.9033382010821814,0,0.0,0.7696736293635977,0.794438522283539,937.9143180362544,6.440610130730374,3929.769436055569,330.62794358033625,0.07646506849894416,0.4652827671218917,0.16439467125858606,0.3990417001188423
landfill,contaminated_paper_plastic,17.67487253900146,0.0,0,0.0,0.0,0.8224178654505817,285.7439502663699,0.6452135889311812,1526.3120149900606,197.04006325621492,0.5617680112105184,0.5919062802272537,0.39201576939499694,0.6444192832678816
recyclable,paper/cardboard,20.153714353999185,1.343417630681476,0,0.0,0.14356081318213243,0.1633852350656738,414.20414423981873,1.9867788531034067,1051.28821602753,115.56675904283178,0.6359107007967497,0.14450202462189826,0.034255757045278334,0.3777504258809148
recyclable,metal_nonferrous,0.3842533685413745,730.4235159282418,0,0.791094492096176,0.002990857340211059,0.8666526213303548,873.9501409991127,12.59274515409591,2750.9473735425872,464.80167468448974,0.05227811577976804,0.0,0.08280361295368391,0.2585749968181695
recyclable,glass,15.145924791378638,0.5031907704816575,0,0.0,0.6864296796958985,0.6421015780060095,1164.0253129174973,10.97072914159001,5322.669447801631,532.8498406340107,0.14463489960489256,0.0842128039776339,0.1170259518935975,0.17896477100922634
recyclable,paper/cardboard,36.966271208272424,2.7161161803550433,0,0.0,0.12070148062183983,0.14490444532438124,292.0125680162535,1.8012581048676608,1400.8315114627405,116.07557447360293,0.5269327732221758,0.2262917954962877,0.2096499670200166,0.0
landfill,textile,32.23914326513306,1.534703949636198,0,0.05088700771468253,0.06289359710991475,0.15900818247000156,127.65504269438127,1.0248280263383374,1031.197641316368,184.37236332934626,0.3287014873476717,0.1076189597285117,0.530812348612901,0.6458349722702388
landfill,film,7.576607870110128,0.0,0,0.0,0.712470901874646,0.7100177948530558,253.8310771096775,1.1699754503775515,928.0034365540644,219.40045534939628,0.2466931998638232,0.3131262655435529,0.24229161176640657,0.1579643671073978
compostable,food,99.75029903091774,3.459736685965817,0,0.020484389133455162,0.12061102777077147,0.1436286887003428,504.28461554996807,0.23440161796328007,585.6614194415297,65.32139337488628,0.898858399654389,0.1631170236095326,1.0,0.6695559807856291
compostable,food,76.06088263550217,23.820240648442095,0,0.0,0.0403170270360141,0.0926542143517756,226.0156059512328,0.4793298285393252,475.6504983233433,107.83624358105328,0.8704649347643821,0.008306922296955649,0.9781138849501282,0.7465240434630424
recyclable,metal_ferrous,9.545605144388777,883.8287641249601,1,0.02348842577926812,0.0,0.7890490559849381,1817.3775336169367,13.34545636258932,6809.754769100252,462.2971407541553,0.07277130374919774,0.0,0.11147412534859946,0.2871524386087934
recyclable,paper/cardboard,28.624498815945266,0.6901060471343672,0,0.023643412554242033,0.18243143441991921,0.10183887381691714,258.80846929278516,1.6924812936710434,1920.4750983091058,89.78836007416102,0.8432107108797535,0.7607961946615307,0.11026888492984088,0.30825864633201394
landfill,styrofoam,5.788660007826035,0.1441555343103053,0,0.0,0.08927412949147882,0.1717657415171937,57.99944282117328,1.392073230752746,927.1908327623262,41.15237856854477,0.056134283455326936,0.19228274598569048,0.0,0.6537674796212797
compostable,food,59.645076399171586,7.001451378434569,0,0.020521821004216675,0.07588295102345616,0.09194049494772275,472.4120117372494,0.31115426691166936,377.69643940161035,34.83347257879444,0.7461413403111277,0.0,0.5536190120534,0.7264370155929407
recyclable,glass,7.467933147346294,0.4685530665500709,0,0.01656367065204125,0.902651442880205,0.6604716451983819,1298.2410240068452,12.663026258703452,3697.6108591309458,765.3349392744417,0.0539737351465522,0.16080229241736663,0.2601941974115838,0.14924285828842007
recyclable,paper/cardboard,36.87427151682,1.7212299906445412,0,0.04632352163060044,0.10610015691833276,0.035087566078167626,358.73263773558483,2.2373265620191707,1477.4165416540263,96.80579807791875,0.6869408860370118,0.3040894716196137,0.038073353581062785,0.4837543999651791
landfill,styrofoam,7.092844444368579,0.7006424243902116,0,0.0,0.1278593316188379,0.2590490954709599,69.7797906132009,1.4703675150437507,940.1903170013933,102.01104868387682,0.19696038300616228,0.14198262380067478,0.11715108754896071,0.43551795742036026
recyclable,glass,17.072655192982843,0.27712127010157556,0,0.0035411770719847788,0.734582817119783,0.7480063617904104,1245.798628832336,12.165825669890722,5138.939473332513,890.4795297988718,0.14790495118837366,0.23984977537001728,0.15169037408193373,0.14792161381480007
landfill,film,16.234399471549352,0.9424426856841301,0,0.014992365939263532,0.5064044864545573,0.36458451011720266,296.74617414682103,1.3681900673083112,1022.9574244956776,93.62997614666217,0.23860034471603736,0.22900244164727215,0.6015300197199112,0.4161697916677647
landfill,styrofoam,1.9391526413683504,0.0009985029463094597,0,0.0,0.06017410017261439,0.08070372578908491,67.13335214499693,1.694788430824652,467.66023526648405,81.46469086982333,0.0033579846241270916,0.16388776484358403,0.1842717152631484,0.6653022770171628
compostable,food,73.09764512367636,11.781563683920545,0,0.0013346408185360807,0.027835887440424485,0.07921578287784792,429.24647280918924,0.9279271200355859,225.61977141372876,29.66096505308147,0.9376936261994886,0.06534734259936938,0.5996390892010125,0.7247885624875292
recyclable,glass,19.991300561163385,1.0608445711939596,0,0.03687284494939138,0.8241465867438011,0.7268812356412154,770.340500628856,13.29590998940969,4329.728836852428,731.0056711857201,0.0,0.17654781841726835,0.1669187310371953,0.07322774229614547
compostable,paper/cardboard,11.607538936130922,0.0,0,0.034783609894031356,0.10535101360676785,0.17598232444481748,174.4096345720435,0.9168356237303699,834.313313078374,50.102650785647164,0.6608777073581413,0.25827964058120156,0.5640958046433824,0.4370847871012174
compostable,paper/cardboard,22.872821360853038,0.9695632123835145,0,0.05060390397726702,0.11324635811508704,0.115280511993533,156.21607473641112,1.0691930729560915,846.6358051623904,102.4049796840829,0.6771746629945873,0.24137994904342336,0.6402731060090343,0.6223251533666394
recyclable,glass,11.622116594212748,0.03631349715203319,0,0.06865300867510166,0.7992580226546149,0.8128847487549389,841.5982597542836,9.504997526893304,4054.5319041983694,526.4810051430336,0.010209584495787946,0.07336110096890486,0.07408729174272626,0.2011879178828884
compostable,food,69.66848087908666,15.018403944358818,0,0.035139772332907035,0.0038917337911187275,0.21956847360845283,612.6765430565941,0.6033587258059252,875.3591625116132,50.655270022410676,0.7204276237350866,0.0,0.9244066467233774,0.6785238787624869
compostable,paper/cardboard,31.35979919027439,1.5622674965287486,0,0.03532485950081019,0.027990314009205104,0.31616365519938533,136.10225376349533,0.9609329266980571,992.5529724854352,104.60785416088275,0.7119619423542636,0.1731131156398149,0.4115825127991425,0.465339578381348
recyclable,paper/cardboard,29.337476093485353,0.0,0,0.03273740316790806,0.07302896080362824,0.11233286695968338,220.59933549305035,1.8167708052362648,1133.2275218325442,61.13109256051062,0.7182430252153827,0.14087053645621112,0.1339821358518211,0.38338984959422756
compostable,food,71.45892102914513,19.806533754757673,0,0.03836908887884828,0.0,0.1543947288799879,364.8504174300993,0.18537377233116636,456.59658991512595,62.28793028860451,1.0,0.11030718777524873,0.4933573748868644,0.5322271194994869
compostable,food,63.72797527417495,10.847299554227076,0,0.0,0.07999643649981023,0.2724600665874958,596.251422203678,0.446639282267448,798.1452273699904,73.71668643005279,0.7930331223105568,0.03706181355213421,0.6546295470267807,0.5534187817750525
compostable,food,66.8769359963285,16.893410310726942,0,0.04061999044991902,0.09656400595580994,0.08286259814218891,412.89451489785426,0.582815857850891,695.1090254244718,58.020644053867755,0.8051472818668945,0.0025565518195780207,0.5205690063878994,0.6975030986873038
recyclable,glass,5.05305262138896,0.0,0,0.03251617505282801,0.7635674136577199,0.582258349475071,794.077320772331,7.77710956203946,4015.8193240602404,852.6178113048575,0.08316191208601117,0.16542127633866588,0.11464103426491858,0.08084729588953676
landfill,styrofoam,6.9868630271983,0.23412730504408322,0,0.014633453683901218,0.05361726086595909,0.0972144671303923,33.64400495782053,0.1,1004.3836274613244,114.82972529205597,0.2390485203855484,0.2368147954953742,0.0,0.38572632131435747
compostable,food,61.67308985441005,26.01816354738898,0,0.03871356786294922,0.11357775474970794,0.2077337651234588,314.5137874539325,0.3688699334300566,597.8749122455836,39.44680477770137,0.877039874413791,0.06317722212893055,0.6437768788675603,0.6853151961844189
compostable,paper/cardboard,28.613977242473727,0.7852911335755772,0,0.01845557909553909,0.10129218293149146,0.20927440291215804,140.1589421356438,1.6255763950243425,963.1422114991559,124.61330118984765,0.7555358661832537,0.3121587549282915,0.419981796717519,0.7019338634304122
landfill,contaminated_paper_plastic,37.066376077610556,3.234489986821483,0,0.05604576937409593,0.17184591028673524,0.120131390442825,281.7773458254867,0.40298892509227946,1382.8075625483611,303.67222417350985,0.3994158244903102,0.11570337400580272,0.42460243735900394,0.6501634670305763
recyclable,metal_ferrous,13.119209270309327,604.4145887516328,1,0.06549933337807902,0.0,0.7516628139250745,1632.16238861204,11.043460933515806,7751.721606944733,588.0137321006175,0.0761522601770389,0.0,0.2510749551691406,0.1835758014967968
landfill,styrofoam,5.77716550287259,0.0,0,0.018580791351350975,0.04391313731081873,0.20965555159998828,64.39516167880286,0.22657443081382378,1282.3174991553205,86.91697615537201,0.16979088969194672,0.08415245478404934,0.12239463824492612,0.7719135824437249
recyclable,paper/cardboard,40.19336351090644,1.3166617511695033,0,0.0,0.08408109275450018,0.34159304541244745,401.8966286774503,1.9200133091921647,1306.923775060313,96.86020107331596,0.6639543055475385,0.38597390757786715,0.1749574316064444,0.5612486451973665
landfill,film,18.32912003484707,0.28608177734102674,0,0.0,0.4865700805039948,0.7499355710346356,195.3110984282366,1.442238762428644,1015.244187520703,112.00286190946127,0.1763098647768201,0.2716155300079607,0.2358536567256125,0.6310016442808674
recyclable,plastic,10.132111620958831,0.20985940598232006,0,0.13333316296137615,0.4143330741329013,0.5578784703129224,341.96137448927226,1.188537526373323,2140.429722465757,204.59202897974063,0.18762802347513333,0.023607175036911454,0.07864771870097151,0.43829340963601643
compostable,paper/cardboard,61.20916080056547,3.141014416709032,0,0.008387033948920979,0.049430737630568586,0.17349390553704883,278.44482701804253,1.6467335102119818,946.6040424360116,71.7092065272868,0.8712352548124626,0.1859169997824267,0.4653259513953345,0.4087660238832861
compostable,paper/cardboard,28.261307044032495,0.8938203661717354,0,0.033917276781875706,0.13867211383162226,0.16092186950467335,269.34611637811247,1.4000572132455535,560.7661075751062,95.57882636869243,0.7641508777457723,0.2616276250101155,0.059487094624630255,0.3857967095286589
landfill,film,8.323157609940157,0.0,0,0.012337949908010029,0.2852593711414697,0.5413625569268954,67.96041232290266,1.058136890129857,1646.485914082315,156.8557098168696,0.3308988609229009,0.44418436819206936,0.4725681121931518,0.8805208039231958
compostable,paper/cardboard,47.64782925419451,3.144012556600946,0,0.005905431287782323,0.003120760177541232,0.1698566794642998,259.8650657524956,1.245256182821209,809.2208347111084,39.813578481374755,0.6889322449359073,0.14332570667180244,0.44504915371610876,0.39527004880834254
compostable,food,80.61231806118519,20.686290599514777,0,0.02195966306941791,0.06540252697520513,0.1186681146062567,482.2952329494129,0.4142019311256474,624.3143779712102,60.75974159890915,0.8501680315121749,0.07795160304205152,0.8689075376158252,0.5938327531693817
compostable,food,85.59731732576591,11.377302423897584,0,0.01639040172818749,0.20965537839224307,0.1739002326692549,359.7850739885779,0.3934106009486142,729.6891418393509,72.83176026344411,0.7049377617346106,0.14434602542026426,0.5997783871691509,0.8247957331461054
landfill,textile,10.362985031371286,0.07794695282257325,0,0.06757037519302277,0.19559380601783108,0.4532300904853076,183.88173346103895,1.2727517727476003,1093.1233737378848,117.08130085982458,0.24371696012839478,0.2317614267294092,0.09372054481820846,0.7530290706597043
recyclable,glass,1.733192614349301,0.0,0,0.09333889002298752,0.781154767694889,0.6676957631226993,808.1907498001785,7.946607980573895,5059.212065972192,958.5914491038509,0.06776182273873632,0.051622605608918154,0.2019552182279123,0.17046589088033173
recyclable,plastic,6.187765383302814,0.4602566553359347,0,0.010596187304816443,0.6412711946265393,0.5949388030972725,148.27315674822466,1.9014132453487793,2096.669543520723,196.24146867429158,0.2738382052112345,0.2562864908187862,0.0,0.6882247539779713
recyclable,plastic,13.577069076741045,0.7585948634932154,0,0.0,0.31644851682001585,0.841202577451923,129.14912761937367,1.8565067265494055,1253.5715138654705,240.8522462260841,0.1383660160689697,0.555805075437049,0.09294010578422553,0.4653950737621716
compostable,food,97.18747313934415,21.01252023638206,0,0.014622226188903388,0.0,0.3558687842599888,457.1062120817386,0.5034823229782366,495.17498257799934,74.95211901919637,0.8084511670460846,0.03984365951838346,0.6179711588139412,0.5960696075740801
recyclable,plastic,10.13419315354557,0.258396308910122,0,0.0,0.49977643307151187,0.5041756673085013,226.36636372452486,2.5039239255642283,804.2299023070888,119.98886323000481,0.15578456369732024,0.2813064028256219,0.1318087964873671,0.38876200483895024
recyclable,paper/cardboard,20.88076765614047,3.011555773193913,0,0.03158152601751006,0.0,0.29733787939983575,418.0666570618245,1.420357347846792,1415.1790631349645,89.92102762139797,0.6423795426986915,0.6697383449205736,0.09282699601302916,0.08823756732630123
compostable,paper/cardboard,22.041890626622155,0.7728247892744111,0,0.02392481881333441,0.10728933567661778,0.027990001666768655,299.2698118549425,1.2632356901292736,830.6139359211121,122.28184597539698,0.7537424059400697,0.3372230289697076,0.3176059219474652,0.6406216238760387
landfill,contaminated_paper_plastic,20.600412212839387,6.461584832944772,0,0.0,0.2803460337524914,0.16116826878173668,221.71903634325759,0.34096218208515505,2712.0835047013647,31.143639634531695,0.4517664732713528,0.5786608548660027,0.657277181717405,0.8521610546607765
compostable,food,90.18849409037641,5.070601214283993,0,0.03938914401053474,0.07135971809358424,0.09830181521249576,663.0373071131414,0.20159079206088,683.8308347220003,95.01455795107447,0.7663503832738684,0.17747257100450303,0.6624930228101571,0.6346432355135828
recyclable,metal_ferrous,14.245725042786736,410.2112386372178,1,0.06441760275283138,0.0,0.8355110787631141,1290.692417455808,14.467051412687262,5995.623574672496,682.7946388997741,0.05967705915213002,0.04427638141005685,0.11182047259201029,0.12381753283411513
recyclable,glass,4.9355936430614005,1.1333306265992062,0,0.0008681391267680062,0.8409473204435133,0.6444726911986828,653.1192593932514,10.853299542269786,4981.91287266867,1015.9822437582194,0.00880499567167331,0.32770048428092524,0.3004359124285515,0.13483589108230531
compostable,paper/cardboard,37.565705527292764,0.16404779077852805,0,0.05462339263534599,0.04822950598856315,0.1771095119094902,350.04198871580616,0.9634860844792421,438.35673804889575,79.28363682708667,0.8023552444741632,0.13957258478578338,0.2230348547811532,0.6388508314254082
landfill,contaminated_paper_plastic,30.241574176677865,10.404355785348008,0,0.10480346544813096,0.2318449426490715,0.4481161515453185,223.5292822861553,0.6542087845001769,1918.5754877393583,298.09871942413787,0.2908603546146142,0.3192429669707616,0.4213153567082142,0.7460812915511628
landfill,styrofoam,7.514811537493656,0.1686345834294421,0,0.0,0.07567606846273678,0.48066694723233433,68.18425157213093,0.6296301602729737,442.98320597363875,62.75799087720104,0.21171277596004412,0.328774163215925,0.1460866174721976,0.6779819663529574
compostable,paper/cardboard,35.15394372252422,2.959654070733666,0,0.01462708493380515,0.0,0.14970582814881278,371.4436620429434,1.0810495683027574,838.404149371363,114.65941264764842,0.6630421418192861,0.0,0.32590533207117584,0.4273739073126894
compostable,food,67.16004920911546,26.123633922248775,0,0.028099634219219113,0.0,0.2234289557643821,704.658743641516,0.7581163151377868,196.1260068091973,57.89414817834371,0.9213528919349298,0.030463137406685346,0.7665729142219342,0.6929560864115204
recyclable,plastic,1.3208438510471723,0.0,0,0.0,0.95,0.729551435250587,244.35937613441158,0.759739730794598,1749.3369202699314,154.17143267733357,0.21713351529054,0.1742083431445599,0.09121882001923037,0.34370996312283303
compostable,food,65.48552601285186,11.143757120363537,0,0.0,0.0223175347326409,0.05416976859289212,685.7670159499667,0.5088158879929322,360.0548984014829,75.34949776835555,0.8110137560247336,0.06453212803267439,0.7921250050065137,0.6909009252056766
landfill,film,0.5504933341139839,0.0,0,0.027741378907430714,0.0963168602342635,0.5583180886607652,194.9361668283556,1.6470709486334125,1180.5578234861125,128.41068650902525,0.052161508342691565,0.2839277723778698,0.2628317068989031,0.6958435221319118
recyclable,metal_nonferrous,12.24338824282566,721.2668546464784,0,0.7845257897135036,0.0021838898754417417,0.9031090740165042,973.3993672139873,6.037323152481517,8571.608465501891,504.8376857060581,0.08476268152812629,0.11780033347255636,0.05132048770150386,0.11921320867778698
landfill,film,20.796675714621358,0.0,0,0.0,0.28385178188870996,0.5493734472568237,141.29797850829465,0.8391556571563652,1263.2384234279778,85.80241335325346,0.34341414422336947,0.34501786625492215,0.1924301924569457,0.8401361987833372
landfill,textile,9.686741758456268,2.416834082138803,0,0.0687153123280777,0.0,0.23108577507987638,152.02124564148065,0.1,622.1434987726343,164.87212481988135,0.7028798879066896,0.3463749399778948,0.2717811956020764,0.6974401142042694
recyclable,metal_ferrous,10.740128064382395,375.5761780253025,1,0.02245363500470626,0.013227444668851356,0.8381614120050028,1623.8720604826497,14.276473248490827,7835.587434496389,641.8199718578192,0.06373994886338603,0.03436657771338214,0.16863190602330747,0.25535695310677936
landfill,film,15.583445862183575,0.5828899247797374,0,0.10763795153073816,0.6396450786402574,0.49860250744469975,227.99227461183628,0.5429791281112726,1472.354953116735,248.6313487052596,0.37149441068549693,0.29586555752861854,0.19027982108101799,0.37071130556110704
recyclable,metal_nonferrous,15.856664608415887,458.4665966346795,0,0.7462623368593538,0.0,0.7555986638764713,719.526143315235,16.27328281819743,5973.076737623312,570.7279133179652,0.09764230025503495,0.10811725846332848,0.17567105252437115,0.3273621943907572
recyclable,paper/cardboard,19.306485764188626,1.791668049693131,0,0.002845336467899612,0.09306455834771504,0.24445937424343142,504.8683197292378,1.9027022523813735,1341.7919288970036,138.57805542854553,0.5941447780746361,0.42080741296238344,0.11702335116635983,0.39502183565218585
landfill,textile,36.58920009086519,0.0,0,0.045638819316521084,0.03368376241907099,0.15012795249894675,147.66170814201013,1.5236401699132582,1583.7013505796153,125.58860179240955,0.3878393888487963,0.284996924053011,0.3108791263238787,0.8411470848110234
landfill,film,0.0,1.4093493325598234,0,0.010489269389975523,0.3759005172201281,0.21593200830608145,179.1772382844537,0.3468279214614456,1140.6623046264117,107.34353402452771,0.14222560650696564,0.15934577473560746,0.2906418461353938,0.40777635406967633
compostable,food,93.27748892723588,16.31128034947727,0,0.0,0.04048306609581959,0.07995053972921942,284.0640322842797,0.7315443868829103,881.8833280940261,35.03581065452147,0.8650375389352456,0.03445502016147211,0.6269311924352956,0.5289127290913357
compostable,food,61.97009845337777,17.43498626365203,0,0.0,0.0833156250454606,0.1870073034283161,242.9031925451284,0.3306088369160862,738.8218806094744,45.47086172150796,0.7828476590152489,0.11234426252763276,0.8175085763923893,0.5698153336746605
compostable,paper/cardboard,50.96689884846848,0.0,0,0.037873953787782216,0.12464769350543847,0.3080734141201261,263.1282066633452,1.4849288638320648,1470.4129591347107,74.55895807665759,0.5971967801974112,0.0,0.45690680432919967,0.21752746879121243
landfill,film,24.32601901213418,0.18940705808203082,0,0.018260265331389153,0.5631188489192326,0.2578645068393585,77.19219839082461,1.4487424856765818,631.2264283107221,30.856939081847145,0.43685271880730914,0.07092735281886922,0.28314149169907055,0.6103627789086407
landfill,contaminated_paper_plastic,12.63158252914306,3.4007092656181297,0,0.0440269590089019,0.10578532473803251,0.5373550978095329,370.32901145043763,1.1529679801623642,1415.2707934253647,30.0,0.3742015010108703,0.5509643383515825,0.36531268336414446,0.6615285988329647
landfill,textile,17.469983376145038,3.2354274347569607,0,0.04427932711793903,0.3480650917512143,0.16036442404953985,174.05233821782969,0.3007245408340117,876.173279164171,215.58609168981255,0.3216948565237366,0.48869938202022434,0.021062038291217527,0.5735837159112067
recyclable,paper/cardboard,35.77293673015693,1.1821378451122664,0,0.013307922909394088,0.1595943031320704,0.22180143921836745,412.73949070731123,2.245734444532682,1292.1009180016085,130.2106453882408,0.6971288785828907,0.4880435001968718,0.1255170637871464,0.34991481247487943
landfill,contaminated_paper_plastic,47.65743161728437,3.594660258177153,0,0.051065152770397165,0.10272175557430198,0.7303277897371759,245.5673672809081,0.6467854048936909,942.087043062625,191.4093541027902,0.5855996109200781,0.08283463096989563,0.8195320005884899,0.7870410352866739
recyclable,metal_ferrous,0.0,302.705327139193,1,0.0050245639412690585,0.008983595683469856,0.9287343703990069,1446.2233609064474,14.049637212003207,8668.306393014387,868.1019621644739,0.06260994156460456,0.0,0.03432968620722507,0.15731958050647424
compostable,food,65.49096094800046,9.536307762887677,0,0.0,0.06066468536864693,0.15009643802897793,351.9493642718171,0.6648114171081012,687.5140275253117,29.811003390775646,0.7589820177147029,0.026160035514889123,0.5590145348336703,0.6995369810318098
recyclable,glass,16.17677962852986,1.0137396716763458,0,0.08922236063235071,0.8801810607473781,0.681277267849312,1158.164379155503,12.634600592804713,4068.031821559012,591.2548018851935,0.08555424129723521,0.29977986403179946,0.16384728389292494,0.03758323998124008
recyclable,plastic,0.0,1.0009167636488128,0,0.0,0.39624671799229594,0.581145249023165,266.5378691976405,1.6531027862990415,1433.2741037206426,159.40013276861382,0.12175815811819456,0.08049816899284878,0.13085581356352421,0.5448671002565133
landfill,film,24.837880098358823,0.5964015783831014,0,0.0564911530434255,0.3876447875458879,0.5794170076695037,114.16326384922513,1.2082896761536355,577.160662240347,151.16410594823282,0.30615734705711045,0.2501996299265646,0.31675620264478443,0.45129984116486244
compostable,paper/cardboard,25.061644724417185,0.0,0,0.02290127491918763,0.11965878441093387,0.17145600075151057,258.79364524357595,1.1362551071416374,807.3543093998043,56.298822201495824,0.6628255458407655,0.2425535886016577,0.398251781206475,0.525208970895023
recyclable,glass,16.19679424606172,0.9395070772785037,0,0.001605276120347155,0.8354271532913661,0.7281211682584064,831.7483129943539,10.462553330719496,4753.072816119248,1153.1634728783229,0.0187888345628085,0.18530768123031233,0.027319799079024723,0.2404107455439044
landfill,contaminated_paper_plastic,43.77088020553911,0.6315203611104145,0,0.0,0.07346050812024307,0.35548698584571736,180.18316408587052,1.9763601138634281,1389.7616507687308,346.4044756705673,0.5227934677328551,0.0,0.6612083212917109,0.5688538053036054
recyclable,plastic,2.171944214849061,0.5936425343228995,0,0.0,0.6629552528628302,0.7526729200329494,149.62850595590075,0.9257700772072729,1410.7897274934392,174.10181052311103,0.18777160065486198,0.42804124283453826,0.20340857567761794,0.32861098155305146
landfill,film,13.836581128594025,0.11025454727861572,0,0.20888841206446812,0.5031439238340272,0.5359004471925718,119.07184361496846,0.6599188584034779,1112.056264526071,146.71891595727547,0.2043300855306487,0.23902716302201477,0.49197122354222733,0.8076757443976551
recyclable,glass,10.996645387573263,0.6906764172901425,0,0.07096579387578797,0.7995885735886122,0.757404193088403,872.5339692245161,8.539782832460201,3805.0268509760585,1116.432707011036,0.06497999839697717,0.28393570962748427,0.0,0.29799885296897866
landfill,contaminated_paper_plastic,34.76333466650494,2.6620262688224052,0,0.027664608792457714,0.15145264329362584,0.3546613460202562,370.6608147808504,1.122125502477184,1811.8511682950493,318.40694561938335,0.6038900371901069,0.4568937070137022,0.5153664418967041,0.8538430450860084
recyclable,plastic,9.915778280065874,0.07244920992105236,0,0.12043097467229597,0.5248507405008456,0.7506905205058031,279.6819162386253,1.0607219980791491,678.6053805376446,178.03778773319175,0.20578306776998956,0.4500486849635229,0.06414307693320134,0.3425230142158711
recyclable,paper/cardboard,2.0,2.774586357762342,0,0.04172960245780764,0.15120318958519902,0.3525992538042615,232.03722942646604,2.543812560313002,910.4357769748356,128.35582738519747,0.5780930139892637,0.40264493719798605,0.15861664979983886,0.3283433536411623
compostable,food,52.592817688899025,17.490081522996107,0,0.0,0.026403406710528328,0.2371160477573893,457.7136022914555,0.23056380551767347,356.9392581480064,86.98994372336689,0.761570669462629,0.09515210127073824,0.706835775985572,0.521807958287302
compostable,food,78.90955579898599,13.555074412618689,0,0.012936674143786233,0.06692419217308457,0.12636788718887765,470.2153171523537,0.82939938390199,298.6914869440718,98.49696402822613,0.9253692053871891,0.0717352031106245,0.38172176514871076,0.5270613615486681
compostable,paper/cardboard,63.18890944040909,0.5679131274483193,0,0.01166749388769075,0.0768438493444376,0.2077059194096823,323.71957307593067,1.713638317579247,300.0,30.32675324510818,0.6803297462391881,0.31167602250524507,0.11515279525916056,0.04885514904593646
compostable,paper/cardboard,39.99735245721743,1.8921903019885218,0,0.0003539283924537083,0.13609289281152354,0.34240285054120817,317.65183131215167,0.8383726841055998,512.7598687366312,96.44939953052952,0.8083101874653006,0.2370201295794458,0.3496394238621719,0.41160925223160405
landfill,styrofoam,9.565129252164745,0.0,0,0.00821328269057908,0.10560234210516033,0.18381811238764234,29.86155401723973,0.8584859185510237,648.8202833411304,108.88675098197507,0.11802714974473576,0.10728357324162797,0.0,0.5771911537682373
landfill,contaminated_paper_plastic,12.47244613055243,5.159456829966344,0,0.09700808637253502,0.10799545990651463,0.2385239887431777,441.91341755530806,0.34411010602730097,300.0,76.23882507173556,0.17272211091762668,0.4272452128209163,0.3778590999100853,0.7236375545971392
compostable,food,87.87573657319214,30.910979956954886,0,0.004280279347300353,0.0,0.17430548764839005,536.5875006151372,0.44228340653880777,790.6521326642069,36.53485500691878,0.8754334898425289,0.03758974254687746,0.9579066859310945,0.8391018423801742
compostable,food,99.07311465790947,28.492028613091183,0,0.044167324611862846,0.10120312629057313,0.19740215593609464,543.4033291399966,0.36220357091786665,336.3602233155386,69.9156385647262,0.8063852301980057,0.04827403654709073,0.8044581171185072,0.7146366250284613
landfill,contaminated_paper_plastic,24.11573815155069,6.429880743394897,0,0.07004757484029409,0.272171883614778,0.4574593145498175,187.18095898563215,1.0433979063889922,1760.1980806272425,276.10710095649597,0.24357904224722116,0.043814473497470696,0.3046221233590576,0.87542490984387
landfill,film,13.488744167007482,0.9185026838992008,0,0.051176188127076847,0.10320418810651649,0.81134679381665,93.14815554167328,1.5265291051219572,1063.9028474238712,210.56065911186238,0.3634768614866765,0.34452144614730573,0.34153635717288355,0.6633942925788848
recyclable,glass,5.925570661348913,0.6995220703232631,0,0.0,0.8308997918349252,0.8285582234361679,885.734677142211,9.353989466849708,4927.732744245581,1007.5455584498852,0.01379101151242268,0.2701428862204922,0.07854886886065894,0.19666378953118385
compostable,food,83.38594104243042,15.367783555115118,0,0.029840376959855988,0.023698257866620984,0.0,581.6583254104435,0.380290635997899,327.44484719137586,87.33697279784984,0.7886389888064695,0.15419554688326353,0.7925508924365046,0.6820283187840572
compostable,paper/cardboard,24.860702736878043,0.0,0,0.018163104713300897,0.07562823356114094,0.2183823739288149,385.46351142280395,1.1762339274910023,1363.8758286985658,95.6058686133823,0.692285879519448,0.0,0.3106010719525748,0.44954195818832954
recyclable,metal_ferrous,0.0,650.3952260160864,1,0.041814663609796084,0.009701750825678592,0.7731113547426213,1414.2631155250206,7.480424225882654,5794.851323806896,422.7027005897671,0.09987921036539338,0.015086907562430384,0.10993405477956908,0.16192365961381958
compostable,paper/cardboard,49.16153808489833,4.288586137119879,0,0.0,0.11819301758167114,0.17628252388121624,250.41163768155755,1.2672061362130114,1136.3028836528708,102.52078977510529,0.6497220958926352,0.2690950696311144,0.2543618686886054,0.532502467844643
landfill,textile,21.814594656050563,0.14092268363474347,0,0.020824629000824383,0.1750469861935095,0.21363376096898726,152.6378212979328,1.2219657326344777,1478.8730483171412,80.17675285532079,0.4390984232057804,0.404455714662436,0.31178511412427445,0.7069304976000673
landfill,styrofoam,6.071909981221329,0.2570632878028527,0,0.00513187050409761,0.05576199334860092,0.4057528232242159,72.92166482423708,1.0805022557773476,980.7675810338945,85.38573666356893,0.20231789305056713,0.06977915859971065,0.2468807656316957,0.10472633082508476
recyclable,paper/cardboard,14.727481124948712,0.0,0,0.0325118260501312,0.22392493033135552,0.11789171020880831,463.04971552055287,1.7419555293681905,1197.8811286347511,106.08579562089777,0.5692385584460004,0.5777911328664279,0.042439363856239684,0.24082706539673593
landfill,contaminated_paper_plastic,34.431279828008456,5.3941040996215515,0,0.037973301039366504,0.20269588690524626,0.9396080913634853,297.396115856891,1.5871781750586258,1519.0118026640484,156.34648590326464,0.6829180583925002,0.2917672459147317,0.6610109097885103,0.7098951602320261
recyclable,metal_nonferrous,14.518284267235028,550.0054776891317,0,0.6005751600483717,0.0,0.8957734421798283,838.4817319803408,9.329582484289183,4746.196423316314,865.427615232283,0.13044477372254046,0.01580655524296353,0.11178384003112672,0.15195059522359522
compostable,paper/cardboard,29.378046639676214,0.48246948412925006,0,0.04701704661398011,0.04731604296812905,0.1235536149617365,306.8125446004584,1.4742358985193666,864.5878534974682,119.1592636417313,0.7624780529571272,0.0,0.27057995547394875,0.41572368509724517
compostable,food,77.97864703560403,8.325112803678048,0,0.003003112610704163,0.09151679082721229,0.08151329392729062,458.5879484663271,0.38058563830872083,595.7959651492783,78.3415526321737,0.9030031955406319,0.044298852080167705,0.6595187597059943,0.48254835410612307
recyclable,metal_ferrous,7.861696663487203,791.7862751909062,1,0.08248999815550606,0.0,0.8028346926038367,1887.2611489839303,4.0,6820.653168202013,385.37531975629923,0.05570338595699427,0.03505899554853979,0.07134044976739937,0.14477387478873915
compostable,food,70.08861074264276,7.80729281652326,0,0.02304709744067444,0.008879003380889969,0.23968245338595773,450.0248477901836,0.4976749197153464,434.4210566974164,73.87976709647448,0.8860078611734107,0.019300884900236973,0.6012825266387114,0.5635528765468002
landfill,textile,36.400960840332765,1.3131430231335322,0,0.0,0.10556301237657886,0.4380151883994847,274.3374659858837,1.6452580868746152,1518.2748080489546,161.47525407729438,0.5738132251764805,0.15607196999893325,0.0031862294759990306,0.7082804200884473
compostable,food,72.82530992138277,6.805015693428592,0,0.04642608064546024,0.12098015022568187,0.10196611474090359,226.01520583672604,0.7518784224592305,363.0740348479992,89.76563997906922,0.6623916945830531,0.14248181368095164,0.5183242106078828,0.6876916942879829
compostable,food,81.18057223567257,42.821851925237766,0,0.03141781021386334,0.10677828200902995,0.2263201410794562,528.1669501566957,0.4211826888399136,651.7938440986535,50.67936963656071,0.8010545114607992,0.04602455165196276,0.7122811209079484,0.877759028000821
recyclable,metal_nonferrous,3.983378518199057,353.25380752662534,0,0.9438784069710494,0.005529052285994816,0.7250726395005087,1221.2463117719938,10.602096082866634,6308.704105333802,524.8836465996076,0.05751752039129081,0.07688830495273007,0.056393021600352776,0.4016755629575105
compostable,food,94.11823951967276,7.910274588550519,0,0.00020790359482838333,0.0437106539950176,0.15445799298309557,581.3029822165138,0.07688384257129516,805.9100638921227,66.04980253552526,0.7858495144042064,0.009152693731788272,0.4517714992201346,0.6987804700754298
compostable,food,65.80012094659983,7.603542912731359,0,0.03719175773959604,0.03064346751052427,0.14636710256542093,453.0466104650892,0.05,497.2324507811525,52.756805648395655,0.7805501742080182,0.18105424024281702,0.5115239658581116,0.6975846224097573
recyclable,metal_nonferrous,2.73509586706621,288.93692078239746,0,0.7823985577872261,0.0,0.8082116422831732,940.440768755208,11.89967593034528,5534.844200804105,270.40574124152465,0.07551915513051076,0.0,0.12830165047131117,0.12206997697173647
recyclable,metal_nonferrous,1.522802887003766,649.5589034680462,0,0.8901880071484389,0.0,0.7340930504287078,1238.2181366292384,9.559439436234097,3336.2664630577788,356.0509592427702,0.07251891124482557,0.0018478674857698996,0.0669260983490847,0.22323962136835787
landfill,styrofoam,8.52769438451604,0.0,0,0.0,0.07553380689294037,0.36266905984474695,47.568119096586315,0.2667131784196016,1621.0295503219709,113.4991271126614,0.16130973667630777,0.30428375306370076,0.10755433702855778,0.6887451022560298
landfill,styrofoam,9.538391220136214,0.35196031741577527,0,0.0,0.05869617559875763,0.1481946635341434,60.348579059162034,0.9323454124267648,1219.6959518467138,50.70804076897104,0.21370553416939136,0.3777483909948314,0.19588477658387965,0.6832712708520067
landfill,film,24.451328284574135,0.7731581420775235,0,0.0,0.7157890185435951,0.6930565340449482,270.38451826277617,1.5187322958667693,1731.3370709989142,192.71929101082276,0.3848693198645512,0.579118561110166,0.28897985290807704,0.36416541838828054
landfill,styrofoam,5.564258038322874,0.5422687931450823,0,0.0,0.06998899588084256,0.1683080264105168,52.623934696222626,1.1783763842557753,849.5142314712875,28.969323963469115,0.1116502122187881,0.31704028818665114,0.16489427181929975,0.8297016916038855
recyclable,metal_ferrous,6.700860814782958,459.11376889769895,1,0.08997654402995384,0.009289320135322151,0.8076565265250277,1749.3364928253332,13.612236008461142,7770.761482013411,345.86161560073833,0.10019819623097884,0.02151505185371343,0.07137376532469865,0.46378817522602
landfill,contaminated_paper_plastic,47.41662821557877,8.209331111537864,0,0.0560441484872807,0.526633128302116,0.3124355754276696,152.01704340376781,1.450854856503961,962.5310715432508,224.5964871730406,0.3000585139489008,0.2699515434136229,0.8281680840078331,0.7013295171902786
compostable,paper/cardboard,33.99538448180945,0.0,0,0.012129402880605423,0.08893473584052378,0.26604503490079356,354.278521645395,0.8597858885011824,1521.297479169723,96.61938277444949,0.8220312590399211,0.16179426797073249,0.43000388670581735,0.6259202756777607
landfill,textile,14.16097196359216,2.3801232895854,0,0.03678066229146308,0.18269460609427998,0.3671325502400882,216.816092643736,1.6570332074817027,568.2619351718959,139.18692423982122,0.3725922307278509,0.45487577272597335,0.368423285088528,0.6243465771048183
recyclable,paper/cardboard,17.69186874391247,1.4452917426369352,0,0.0,0.053856389412045305,0.2516638113282969,228.59030922081567,1.8691058027461287,789.1608676031826,181.76890593271077,0.6180584062076757,0.35974001707538006,0.15306132610904058,0.27085100664984674
landfill,styrofoam,8.938474509339061,0.589500346932625,0,0.0,0.0,0.24923990314416927,16.7767579285658,1.2922583216712047,1105.1787988738604,76.9994833474642,0.15404605823376433,0.19131830298191946,0.12520206504396197,0.5703478270710857
compostable,food,78.02688475712013,11.070167655024335,0,0.024294263663410528,0.1289059028781092,0.22883597484921747,554.2985510996276,0.38611511849403235,322.15183435433516,93.88251395594382,0.8900837434023835,0.18308694730256875,0.6094029061046156,0.5724541613567583
compostable,food,79.95517745130749,7.490203577568202,0,0.003555592088671372,0.062184360574595615,0.16959732568869781,389.1668189554644,0.3822404235954193,546.4099874715273,33.797891462566895,0.7074028980498756,0.02970890451232948,0.6679829272432228,0.6373089078717605
compostable,paper/cardboard,43.77656303089991,3.180844122502927,0,0.017157069261189078,0.0969343658960845,0.252062023711885,378.50838420256053,0.7427922751705085,1105.039546688871,88.38278487418704,0.7258299278412412,0.18878363892020333,0.327463551680261,0.6787561245660597
landfill,contaminated_paper_plastic,34.96832480022765,2.0077127827133303,0,0.04554487355041506,0.15800508007902064,0.42254978761534995,170.194018317076,0.43402907985320327,1279.3596133038145,334.36063963609024,0.46479652672730337,0.2836812442136909,0.6008171610076998,0.7310016464885546
recyclable,metal_ferrous,5.949069078523187,448.96089585822835,1,0.05143475959354049,0.0,0.7454173544697175,1976.5437365124712,10.506982429712881,5478.235834029625,574.7611298268688,0.07205114697902977,0.0,0.12653181337006103,0.09528424313097356
landfill,contaminated_paper_plastic,61.5596280869401,0.46421465612878343,0,0.0548231023258193,0.5304964722886636,0.5264303259381546,275.1108584582546,1.5039818729454015,1099.5673324951488,296.96681567730957,0.3781205958779619,0.0,0.371739379211908,0.6339918564147956
compostable,paper/cardboard,22.44654697924995,2.9468148314249327,0,0.02581894728678971,0.12789198155541337,0.12463827458138041,303.0607286605332,0.6539912818293458,1075.3736954811786,102.97177951100305,0.7596644016822056,0.18019428376283292,0.4122159336183186,0.7406508662462894
compostable,food,64.84420827041117,16.347835029360745,0,0.02399620867437427,0.0632010040666835,0.2517882800085414,537.8990523335763,0.5721809157062558,169.02251275434077,45.998842618013406,0.8101832853123421,0.08653606619936559,0.5304694412989114,0.8894012010694106
compostable,food,63.53351471279489,0.0,0,0.024069272717344464,0.012182462735784834,0.036219703232186054,372.41125389089683,0.22961299909640126,837.4283270145129,92.04099392373627,0.8193621886946706,0.18359608972230182,0.7116052461471427,0.49664589584060836
recyclable,plastic,0.0,0.25847500623881325,0,0.0,0.8684049797152167,0.5618393046020153,104.54393649713649,1.9467308991940013,2197.7244458972445,193.17989342803813,0.2163838301825534,0.42364536609967884,0.17903884639778883,0.262644131397453
recyclable,paper/cardboard,20.033489478717534,2.123044827226762,0,0.028121880376973343,0.06300927203816775,0.10678384000277692,188.57278083116995,1.6939708882163784,1371.7414235339206,142.78379875728046,0.6705615124314098,0.19174063798041452,0.05179252019762169,0.5113288094546696
landfill,contaminated_paper_plastic,52.294012654621596,2.2346605553488943,0,0.09650536470473844,0.42669841988048046,0.3088675003972679,348.4427426667576,1.0549092524826118,1762.0490644203946,38.56597311813542,0.1538077958774377,0.2717464570184918,0.2722150381880459,0.6879949068684138
compostable,paper/cardboard,26.75583080360603,0.0,0,0.018482570986299535,0.0,0.19336415669005974,296.73024527618924,1.258774119354675,769.4671074950019,166.92150925451259,0.828809272014425,0.030654899989833256,0.3849302131140347,0.40879907855940145
recyclable,metal_ferrous,8.524842522084436,634.9564427294226,1,0.028458056491452076,0.0,0.8661427594136349,1259.9736945122131,13.049771145748178,5925.57475160896,759.4280539549825,0.140134832361649,0.006962159914909019,0.14273662898997397,0.12732580951179806
landfill,film,9.39408885453904,0.4453337855621208,0,0.02786357053444857,0.4245457815410968,0.7816505115009555,142.52709121881458,0.3186447803361193,1035.3424822085556,112.13589311540535,0.39238989372468513,0.4556678597106356,0.2693545000775438,0.4081896217771115
landfill,contaminated_paper_plastic,31.707101263292902,7.880054127345007,0,0.02554036528604391,0.07642080340653702,0.3296973246482202,167.70256642320587,0.6395966987623714,493.49159321151546,186.25303045989708,0.3476329728125304,0.5432557478469343,0.16052078158821187,0.6849499733942546
recyclable,plastic,6.8838105162513195,0.30894022198654625,0,0.000667048613794477,0.6753754127058045,0.6426851522235327,140.91767937072797,3.068648589344055,1690.57206668685,152.33697233003474,0.3132163621361459,0.6815268096895892,0.06982554043802804,0.4825315475582571
compostable,food,93.61382370627027,12.92539707434287,0,0.04358594368127653,0.053375924070505454,0.31485983399055895,660.6409010931845,0.43775896288023164,694.314190190871,86.1343987396287,0.9294905246025879,0.012455357759392688,0.8029077189997659,0.7270109384219505
landfill,textile,19.716584246978524,2.2161657767822542,0,0.033138567889392664,0.0998485497051954,0.20167240660238125,213.78989323892966,0.851881244714402,858.9709645014002,157.44591051945898,0.3783268237833356,0.22469947072966084,0.39430077378473727,0.686334807071711
landfill,contaminated_paper_plastic,0.0,0.0,0,0.0,0.22630478609830013,0.4480975298935522,293.98699503328623,0.6246430393712302,1637.0720025599946,244.46362468216762,0.22407316790307164,0.056792359710225504,0.4499736627546124,0.9650138728336031
compostable,food,79.40977998569166,9.491762510620816,0,0.038436030039545044,0.07413439436046064,0.1836075592361473,522.8220711858805,1.0141358912073852,273.82231293481686,81.84080192028637,0.7458895096014768,0.11888588524395738,0.5621970232770859,0.5499159823673898
landfill,contaminated_paper_plastic,52.942005756366605,2.5469847413997138,0,0.02966548725944998,0.41755103881385935,0.1755698877027171,172.76062091395318,0.7387399028635842,2109.0342405830197,359.40451505241725,0.5852813805723908,0.5066769448308479,0.33392899942945375,0.9836794184285139
landfill,contaminated_paper_plastic,32.31196018521289,8.837984306397765,0,0.028096698031701763,0.0,0.36709709364076604,157.1393151329953,1.4950886406527775,1686.6999080338057,84.93566330267043,0.3229552700791831,0.5013284930213875,0.2782311443402082,0.6201410237006406
landfill,textile,22.040122627762514,1.2876820436757221,0,0.07025389819070678,0.09622820502344089,0.31080724034241136,323.6056624859907,1.8839702415770287,1661.267879381938,116.1990303015775,0.43444645833516954,0.03544131911580814,0.29982630415430633,0.732935221313661
recyclable,metal_nonferrous,1.860480659746493,542.0068014046107,0,0.5860346297476688,0.0,0.7858006492980574,1016.4883533269685,8.892043689525433,4104.676441538882,449.1373052578391,0.09173627981712182,0.08908908853141813,0.0987021505923247,0.33568337810369886
landfill,film,10.022627102044805,0.267504276448642,0,0.05396200506104999,0.05796497972164116,0.7366908650557609,187.95496797853184,0.27856420696843265,300.0,81.37567123151592,0.22573335385728774,0.6670437848036163,0.3477862536953692,0.32886155262278133
landfill,styrofoam,11.861374798040341,0.1720218003374706,0,0.0018997785709860496,0.056471083840765025,0.2076255783997064,60.61698985513878,0.5266475853919481,1077.168604988931,132.69794763196984,0.1706626774521864,0.03362126951705083,0.06761568296866047,0.5205618143835258
landfill,contaminated_paper_plastic,62.193608309881235,1.2415619316086022,0,0.035808004874232566,0.01762340257619474,0.1303144974438038,445.6773179705214,1.3026236955822883,1366.8394191188117,30.0,0.5145734498594945,0.5814843891987651,0.6798954121657059,0.8301999875527393
landfill,contaminated_paper_plastic,45.86642264353118,10.43716569734604,0,0.0,0.2240843177446129,0.5127633118773008,313.0737965996372,0.6808204349190892,300.0,211.2264267196033,0.4225500579042145,0.23666588140771191,0.6027890727430932,0.7446096554214681
landfill,film,11.493574217749305,0.36856464283425727,0,0.09991842846867299,0.402867284435152,0.47411518394074736,212.70336871387235,0.9603951162505552,799.9909273737132,209.29985363249705,0.26936617645167993,0.28043889500191566,0.2820235104540978,0.43939974428751044
recyclable,glass,7.176341778219221,0.0,0,0.0,0.9508679615999448,0.7616663976471117,921.9933867822922,7.899313407872992,4023.9014272171858,513.3379373428455,0.0627417742176046,0.0,0.04111490772251887,0.1489062483648906
compostable,food,75.00633550627917,16.809653991432917,0,0.0,0.0,0.10595705204067331,303.51450889030093,0.37296495058817225,470.4439362365057,58.66878977442467,0.9361974027576596,0.1028721335221624,0.7450711539416242,0.6746648572852082
recyclable,plastic,2.4666544796342977,0.5878397990499566,0,0.04648881897126872,0.49257809902753147,0.7152817292434404,160.68014000698201,1.259370436342923,1548.5844256798184,135.02744035573932,0.25352681682140193,0.6864319706620869,0.027199130717500006,0.12027744666527201
landfill,contaminated_paper_plastic,33.22687331643581,4.971315156074692,0,0.0,0.48872575431197984,0.45720316152692503,158.11718815015576,2.079227656499111,402.19338967884164,69.37460698335144,0.05,0.7102090393078668,0.5164692742944007,0.8291282147818194
compostable,food,64.19255118422558,17.107135404867066,0,0.013427630485020308,0.08015937155411716,0.10647087983086459,430.4648512713247,0.5102297938489303,299.5625088437055,88.52060863550315,0.7789429146822732,0.0639980059261987,0.5508475938087232,0.29251996094456273
landfill,film,4.638782148338514,0.0,0,0.014485442021846838,0.6205384092148757,0.5820093639469782,118.21393764461756,1.30242796909004,767.0093513106444,145.7210164599667,0.23203696272744848,0.3968695938382528,0.0,0.4724703381278016
recyclable,plastic,5.680610835843266,0.0,0,5.3181187720435785e-05,0.6045267028638829,0.7013338369136518,132.1056501252492,1.53119872762249,1752.4897427887133,102.43866712464279,0.2883997761443532,0.2820443932592315,0.16803291788036556,0.3239785597603379
landfill,textile,24.300008854363057,0.0,0,0.0,0.18185487164399985,0.1543793853766261,110.84993484574314,1.862507372645329,1331.0504869313659,169.24405879902025,0.37506368915187543,0.5951480171460004,0.12327778231043279,0.9093394659231865
landfill,film,6.268845650394031,0.14440597837332897,0,0.0,0.4760134881147664,0.6527984731464463,103.76292299247967,1.6603200480085223,974.1594210231805,231.81113742779365,0.18578728261683966,0.0,0.3223956084842232,0.637281765767848
landfill,film,13.437563048849656,0.3802133714706994,0,0.027411066303681036,0.35807200131616757,0.6595284967620543,172.03198792652327,0.884264314898158,1703.8095970795416,30.0,0.3009887247921195,0.3876608059988469,0.45645331628593055,0.5902692838419958
landfill,film,15.61819502118863,1.070254517538225,0,0.030300260371668747,0.4816970676292941,0.39496814157053783,128.6143727684953,0.13740728166890104,1022.0841514867058,121.68145078888611,0.27991997660888956,0.18646046795010413,0.26500216317551656,0.5499929916588502
landfill,contaminated_paper_plastic,39.51501850877713,7.295071044578338,0,0.05468466283375937,0.24063820140611622,0.4215206872445902,186.9689833316866,1.1720251408711984,1436.7972866308387,189.94942075969178,0.18400102060440293,0.08100266627831809,0.6665682867832783,0.7131607144939918
compostable,food,88.48935263983216,19.580211696982865,0,0.004542446643527818,0.07035261435622676,0.07226746123669711,284.44582022532836,0.34332069385250874,672.4786944765517,93.82812613440217,0.8610468336077834,0.1307567050793598,0.7774267430672437,0.5230222085732457
landfill,styrofoam,6.7969659888811105,0.227381569450272,0,0.007728362635384228,0.0,0.4825713879271768,41.16932159464513,0.25599056947576215,746.7850293109082,61.1558455946848,0.17638010466078102,0.28253166182741224,0.2195302900529223,0.6803569154594691
landfill,textile,29.66287829485288,0.9635526797419622,0,0.002390870419386102,0.13319639285665538,0.28121184774487273,139.9189766311431,1.1998033195703937,1694.4819913038384,223.14764825813555,0.5281553980524132,0.4807863560932395,0.11930012620696707,0.7842258702471152
recyclable,metal_nonferrous,22.192446631999843,284.19198484146955,0,0.7819789886006917,0.0,0.815412122611842,1073.078848385028,9.882513653671722,5214.559714802028,252.077677409868,0.09120601050235307,0.13277172419576627,0.05271852354132544,0.2640059929023145
compostable,food,59.43801662452984,15.197503614021134,0,0.006972862124163419,0.02356916591251216,0.19690912150040746,598.5939685720363,0.5053178941840154,561.7666025197927,112.55537361588094,0.8392602543590855,0.2621178179926277,0.7848264468447316,0.38870846890130184
compostable,food,55.32619004969479,8.860231151513016,0,0.03993141021158894,0.026675231038590104,0.20123838361606589,427.13962728026263,0.5810142570553901,270.46172203686655,72.13023624084752,0.5807091223279421,0.06691726892866107,0.45542901344272896,0.744719341985618
landfill,styrofoam,0.0,0.13689271886692647,0,0.0035784114108150635,0.030579437950561242,0.2767259275121158,88.59039317051985,0.6787629121233096,842.6107496803407,111.80611571234809,0.2187900048558924,0.12626917706625898,0.12963771231140359,0.6376063712270486
landfill,film,20.056942587298984,0.9084120397724562,0,0.023646328456810677,0.3404101270373554,0.6315799424109215,238.46892044269532,1.1043053737819586,820.9832230099541,42.87064568081358,0.13848737373365122,0.2909829175468698,0.132041045823857,0.6292451558986137
compostable,food,77.04499466850585,13.284591848398916,0,0.02006092040306829,0.07184690848731749,0.2452517019829073,563.9464962529588,0.12877550788752412,100.0,93.35799778098185,0.7106497041267663,0.06426642186751215,0.5244830460910961,0.3837623474903976
recyclable,metal_ferrous,4.9988130974240255,574.5221463483404,1,0.0991021988549192,0.0,0.8486143958835504,1455.305928719109,15.296950072325895,9351.80470569361,667.5919574147083,0.07248318711356277,0.05183914165871174,0.0,0.27451508642848177
recyclable,metal_ferrous,18.6090157583587,647.9947786717745,1,0.007791697984604926,0.0,0.8577620467979892,2111.377627989213,8.675662625223392,8171.248863227136,809.9229640458515,0.051140370847762906,0.03612431905698833,0.017095260210098384,0.1796538858919695
recyclable,glass,0.0,0.0,0,0.0033342090589297615,0.837220120160673,0.5985835781873031,984.7439734170654,8.419316243001319,4509.491140566923,1000.855121587665,0.0327907306319852,0.2502445493950842,0.09888214172191415,0.14665137190303046
recyclable,glass,0.8092202903690904,0.6969876129322012,0,0.005931844981964387,0.8096293006168612,0.6196889166046685,717.0356728960285,15.804780369766233,5260.010284864499,992.382329592966,0.09967973947345984,0.007249185391765056,0.13159663762586457,0.2872929614507347
landfill,textile,47.692258732825415,0.25630008309481667,0,0.010455721020157195,0.09483020606247684,0.13751746787700478,256.87650624663985,0.1,987.5763318485297,166.8241181343983,0.35588585374170495,0.1050825457609592,0.2905210807102023,0.8087611882476582
landfill,film,0.3926965712478996,0.07001572536350364,0,0.0,0.6548127167032298,0.09054277263626509,125.86139863483663,0.1,767.484841807244,110.54306301608801,0.38848710937940445,0.3394941908832186,0.10003452580078606,0.7598945579597739
recyclable,plastic,7.035697183892843,0.20429074113925944,0,0.12390606130497422,0.2535206426008463,0.5372981795594944,341.6073392792881,1.5917835272726029,1853.9370331204634,262.5623471634732,0.1444956465678542,0.3321234191974342,0.06093011693483899,0.06817325919301037
compostable,food,78.62150279783359,18.12864222707752,0,0.04453866447768615,0.044992296176002367,0.13370609998584274,344.6420895892127,0.29327991149003496,454.70422161969464,79.18413767040445,0.8930867700986599,0.02377747345237586,0.9239032853439282,0.5674651678748918
compostable,food,80.33115973783248,9.11227067344736,0,0.04318659606728496,0.0,0.1992748485555411,521.172150956206,0.42261339017150246,565.2266044484236,38.72216059036742,0.893922161536552,0.06705685044899076,0.621591546922144,0.7258811071004267
compostable,food,82.74258703140069,16.444835728027588,0,0.021791613625104976,0.0401330789846337,0.13789813730771905,426.61100635767826,0.7834425242167662,618.7113444561724,10.0,0.8724720621223808,0.09363153363031425,0.6971936865331153,0.5533777856293337
recyclable,metal_ferrous,13.026983211376884,584.7007925046101,1,0.024727021096210212,0.00750872779401332,0.8958101718973934,1891.6170897219165,11.960086093864094,6280.2135720161805,366.1819507464238,0.09458119804418219,0.07119447412219931,0.022737389370883265,0.14614263267033759
landfill,contaminated_paper_plastic,25.359176091759295,6.88228583760119,0,0.03244431500554339,0.0,0.5871946318531236,391.39208667703144,2.302765217995365,1511.0718460976314,157.61489183257208,0.6002980969281455,0.5199640730637812,0.7776562366272843,0.744644685232027
compostable,food,72.07103431590959,11.68554169897895,0,0.017310064311965346,0.06669299832842673,0.26450934254649466,579.8120073207394,0.17194520164214844,624.4139980612098,103.22333298838524,0.8509446816551361,0.15636862976301769,1.0,0.7228451455328377
landfill,contaminated_paper_plastic,42.2439491776638,7.528092894468086,0,0.07838271637028008,0.21519907652907025,0.5393861269925515,30.0,1.2666530107829,777.5374826888742,284.6612315289725,0.4235120450609651,0.356189617653566,0.1489856251492393,0.8720197066815422
recyclable,glass,16.600570339280637,0.5906269741725252,0,0.019426388050867743,1.0,0.6906096431286952,1190.750242426326,7.996976983638306,5138.63953144521,954.1634450133711,0.08833967882302324,0.0,0.10146019686848905,0.3030460047759975
landfill,contaminated_paper_plastic,42.30969744579974,8.170960705223088,0,0.19057142049724446,0.22171482366764605,0.19116256422719535,361.75145040263385,2.319436413581074,1138.7256448866892,255.6973384745774,0.6711710499412056,0.5534131087940307,0.4751117044947156,0.6661831490144224
compostable,food,56.76784709427789,0.0,0,0.010976822831820025,0.07758703999554603,0.24602093997910635,394.42063654975215,0.3971433482209994,730.7801468511494,23.256457507614485,0.7889183379853593,0.09332967229475404,0.7673828081927551,0.5388231968170941
compostable,food,73.0645714600079,15.232406854516308,0,0.0577237180242106,0.05872889064159195,0.17060403125782114,441.06649010805995,0.05,494.69722491015665,71.50575524852566,1.0,0.06653473246532142,0.7452321013500418,0.5958345876353708
compostable,food,73.38865005376435,23.38198508879952,0,0.03852430804483185,0.09826987422955855,0.24889045774449742,460.6389109153725,0.5493289268513989,376.46962091313,62.09817859932376,0.8692616919816912,0.16427191060181714,0.67908305864785,0.5459772882178306
compostable,food,68.63398622867368,7.39345407484256,0,0.01449896605696712,0.0,0.02878471502411581,614.0249120933429,0.9112419283753209,450.19279208872433,84.41392407639415,0.8449000123634829,0.2955216565918667,0.8679362367151865,0.584649889022308
recyclable,metal_ferrous,0.0,657.1167107047578,1,0.02547775596756981,0.00321291470757388,0.6817431979229629,2017.7367824449202,14.016880224121206,5199.428141004398,378.1834314230572,0.12016797712292583,0.013131004825102072,0.03326521210139011,0.0
recyclable,glass,2.266577284509383,0.9943043967495874,0,0.018565869099797433,0.8982970592435356,0.8401500346552158,597.7852838448196,7.585157172768986,4431.896034608643,1088.2612901875555,0.05366469128238219,0.12865955648611915,0.13825124604446468,0.1222771274289429
compostable,paper/cardboard,31.543533512935085,4.837062690296073,0,0.0,0.1438482693044094,0.20366164367711956,191.3680516928506,0.7698750427803047,1319.0982568020509,66.36232800143172,0.6277319591523232,0.31647774508376747,0.4007829314428871,0.3593111635195402
compostable,paper/cardboard,25.72917501492511,2.7583062374522482,0,0.04460444351301575,0.050151285663946304,0.01267869427713933,262.9001329477977,1.5653894928069625,1034.40747573747,100.7046561952644,0.6976005358500416,0.02651631165362564,0.42729414824367007,0.37485772849480625
landfill,film,13.663360539071661,0.7943793533258885,0,0.114558320214009,0.3398928029642464,0.5980556409629609,250.71443786092544,0.1,823.9949600741659,227.95015871617778,0.3592537833608303,0.35836678163900415,0.1692525628403584,0.46772722515218706
landfill,textile,12.903807442420668,2.387965583973368,0,0.0010157720233345338,0.2406232359262553,0.27307625873624086,54.76683920275745,0.6511943080396791,486.0245868511581,182.34769597573938,0.39628968687963984,0.0,0.2801195010751453,0.6355402885134016
landfill,film,11.843756884263183,0.11454844271821307,0,0.012800829331365816,0.4854752090941595,0.30063510667999105,185.58324301698127,0.7057464664405737,1430.222829947826,197.665607433925,0.082691598749426,0.1927628855159173,0.09600501617068774,0.32809080523902856
recyclable,glass,17.20426305289577,0.0,0,0.04619293538485026,0.8238771317972343,0.5829075106192546,950.5958426496738,5.107622283233805,4535.742439547671,436.96708028145804,0.09845088337271325,0.08907711996435495,0.06392047863765525,0.20939493879431623
recyclable,glass,11.16539690804003,0.0,0,0.009630589606106035,0.8115540469438021,0.5125107935952466,610.6460524461415,4.047908822693415,4465.508547872365,930.1285135867395,0.12427098074497314,0.24977413544950894,0.022928292704114492,0.0
landfill,contaminated_paper_plastic,36.34041107894359,8.938279383828794,0,0.08684634831738106,0.14602393088294183,0.5791701760205612,270.97760071730823,1.1363207954326104,1061.9004198005064,194.9416963087115,0.6293632707743371,0.5277880011186075,0.5206787594917913,0.8219572368870043
landfill,textile,24.47352990235047,1.1676813334492397,0,0.03362994299456686,0.0,0.263201975828587,164.0294055498236,1.2694698584333604,910.2459339511321,103.67215728715303,0.5760763030550053,0.07278334183237745,0.06355929583327224,0.6938102491341306
landfill,contaminated_paper_plastic,54.07545187283837,4.400134835316556,0,0.0,0.3951694778267859,0.29404434959385634,177.15942519873144,0.12228134679926916,1585.6415265821481,34.069263790300084,0.3149534146154874,0.46764735890301173,0.5943842504816744,0.671795502213812
compostable,paper/cardboard,43.184833880751576,2.2523558073239345,0,0.015550502064434693,0.1823431097859779,0.13275461868466132,263.7231609841472,1.9966213208818937,691.9846737875358,76.24711792658653,0.708237966125532,0.2808881378555459,0.381170376102997,0.30610619792716065
recyclable,glass,14.257870164409326,1.1729675039191576,0,0.02476056162955116,0.958813450466241,0.6810306506547592,1112.3961327616544,3.4535750851222513,6676.900001382117,1079.0008139534505,0.06861497982985285,0.0,0.12304226946443914,0.0356074452926243
compostable,paper/cardboard,25.52793793136391,1.9859100290388907,0,0.015687808428639552,0.061407105886066723,0.12900768648237598,328.757220370466,1.861446907396914,934.9718082097819,114.90295537277822,0.608782245987723,0.19893137271525232,0.18539475215434,0.27846126087021483
landfill,styrofoam,7.115101514810815,0.20314639480216265,0,0.0,0.13199783409143304,0.18959719143406323,70.67252849632952,0.21817543790211025,752.3687025949906,98.74123368715752,0.20289526526373153,0.218557825188395,0.16945224920487725,0.36911672703472626
recyclable,metal_ferrous,2.5473819751521596,852.6787251905178,1,0.07526891981041708,0.00023195978557374823,0.9445711026740901,1146.2413104103373,8.007884606007222,4386.438721366375,495.08781898150687,0.0748509558011426,0.055142928896616705,0.11194735288479044,0.058894316893391835
compostable,food,53.723610381517425,22.095372005711933,0,0.0018853539827476222,0.01731168306755901,0.10234709647652063,614.9325711804981,0.05,1127.5497067319989,96.4014202266513,0.8378591131303327,0.07615741995685996,0.7428331112286485,0.6625346914055206
landfill,styrofoam,9.033975125298173,0.2737457665449168,0,0.0,0.03338636493749559,0.17649389171751256,50.76509917307746,0.2783987288653449,1081.6084291865075,138.0597796384024,0.2484602083198886,0.35246350689765715,0.08553651629918438,0.4481989064022342
recyclable,metal_ferrous,14.539429754544981,514.322403887372,1,0.05131486398381285,0.00955802745112481,0.8161019153648419,1586.2213513779518,11.95029477053244,7819.98941381931,688.6116503265489,0.06339658806235515,0.053182453074825886,0.07025767907812093,0.05223875930805552
landfill,styrofoam,6.865988213543737,0.0,0,0.01910292761899037,0.08863641889596967,0.24072577150404456,107.48932566567984,0.5268259574739256,709.7282091532826,78.14799281618372,0.17466686720962876,0.16055302244404507,0.0,0.46255227260216397
landfill,styrofoam,2.643944624330556,0.1516143699016565,0,0.0374455782689315,0.07481908232644227,0.12046312965105457,39.70166858401832,0.5602788845505099,898.6610208391666,100.74899444798305,0.12098283867359914,0.05993486172627693,0.14815834050858342,0.5209023894735741
recyclable,paper/cardboard,22.18796404597233,1.323419133500961,0,0.02889183990146258,0.15036846680622135,0.13975061355035362,218.93767902971865,2.8515858954528555,1054.804698119834,144.47243535351953,0.5513886951581444,0.3496697104171582,0.1072800616017557,0.4161941097898965
recyclable,glass,0.0,0.0,0,0.08422892417012057,0.9813142902177852,0.7065788648648962,1315.7328617974595,8.599813783479238,4280.930727688883,762.4323426624225,0.07500313618705738,0.17417644117277836,0.19147184857196423,0.19501356539562031
landfill,contaminated_paper_plastic,32.51631541148608,2.13782232096589,0,0.0822477252035121,0.0,0.5552174745725129,330.5402146238947,1.5510421214750232,1369.1126182509201,317.9680422777976,0.6069588237768354,0.22858456172486002,0.33216419006047065,0.6444391423902436
landfill,contaminated_paper_plastic,45.06539017083273,6.320599797567754,0,0.1270243660220845,0.2070317814954967,0.03674669997320085,55.98549574060857,1.64140845825584,1014.9032011509235,219.30909759994475,0.4705618760104241,0.31663206646121583,0.4307277428823553,0.6461532593945728
recyclable,metal_nonferrous,12.119406480519057,611.1610671023429,0,0.7298642331504566,0.006604599523515504,0.7691605407270113,585.7245641323685,13.503225776583337,5069.946044380512,443.28104596191133,0.06790802395889833,0.0736118362663694,0.09541836713423182,0.27480669247071704
recyclable,glass,23.38124246944325,0.17941753530157478,0,0.022048050093342618,0.7777876512009744,0.9698328835937087,960.5176675719919,6.872562298296088,5277.531194966201,919.2098714482073,0.07249091905680465,0.30087280553400597,0.033976643133530854,0.13070817250507477
landfill,styrofoam,1.249237349740639,0.2318217729160515,0,0.024155832283100354,0.01702522815807861,0.2704581616836297,51.69817326549342,1.0820594635752707,858.8292921211593,91.69523023287802,0.28908449720993845,0.2794767370841963,0.05096481338737109,0.5362617758723581
landfill,styrofoam,9.367144063768468,0.24853746218081607,0,0.016934480324839008,0.033148681265931165,0.30954982794945135,89.65665732771814,1.081915776975595,1002.385472063235,98.82049197919893,0.07477914512802786,0.07464001632425082,0.16548758006638434,0.5482497516863863
recyclable,metal_ferrous,8.190556739488704,611.3510310920079,1,0.037031144626780095,0.012727147339712648,0.7681363559557888,1383.708967459031,20.33989087267067,5754.410374012924,396.93679879353624,0.09203430235003654,0.0,0.08117808720220489,0.4145824925076489
landfill,film,14.681284532280943,0.25485774905055714,0,0.0,0.3561175358055859,0.5922870625158608,126.7451465246658,0.1,759.7738441986264,227.27230765326544,0.39340010037304607,0.1470041246193103,0.37109622169589596,0.42321408228447394
recyclable,plastic,5.736224459996172,0.5613915927806963,0,0.05344530665604861,0.5234791843519007,0.8265500955185506,115.00261572411601,1.8754724531933034,831.5411340818605,118.08190599995962,0.1029874293901349,0.49074965638134527,0.07542128364832242,0.4175694159732642
landfill,contaminated_paper_plastic,22.065395957544784,2.652167160094862,0,0.12762906144888356,0.08367760269733801,0.42497352203909583,166.09504564082658,1.0116286878504837,1276.919028015014,109.54201407322579,0.2771195482829013,0.40725466735548843,0.28105251824176475,0.6527210933161594
compostable,food,100.0,17.104408811526056,0,0.03001688949888914,0.0,0.10658609602127825,355.4659497710113,0.34478810043722097,466.3712362830421,58.19773555757182,0.6616560151699369,0.13235371792822737,0.539088546139029,0.6287096236933379
compostable,food,81.73103337529487,9.636157455766718,0,0.03393908809021472,0.033309025512199504,0.2438499710069313,494.35706306377125,0.4731744639989428,589.5433851620555,30.728096198287517,0.7298586024872156,0.0,0.721441464214556,0.807901799938211
landfill,contaminated_paper_plastic,53.223260452745514,1.3011524783953137,0,0.0684385612241803,0.4751646999710131,0.4830622954480668,430.5803942279712,1.799235942049859,844.9006468860446,162.90167188526297,0.45625580609253263,0.37082667760426796,0.6332657906877143,0.799042171473049
landfill,styrofoam,5.974795648882356,0.0670343922716913,0,0.0,0.07760622923649216,0.1563514472885647,62.35035238316193,0.6583125536333438,1009.5443048998594,85.28290823914344,0.17587515518338637,0.2582896576946552,0.3306940182263186,0.6921515088573688
compostable,paper/cardboard,15.862928502040013,2.8413992620369575,0,0.008441584463345789,0.12405733604066846,0.1800927982114085,335.5878886849234,0.8169724179939152,752.6669421431595,78.53403409747288,0.7885361984194045,0.3812852505366587,0.22922423723856855,0.6615272216986521
recyclable,metal_ferrous,5.426912446363559,662.3755254429091,1,0.06800638897232833,0.00957932055215684,0.9765325955438484,1751.8472966382137,8.831907600099997,6691.665849853862,646.1748558770828,0.13204678124517472,0.0,0.19620612041801822,0.21799143695464168
landfill,styrofoam,11.56146224945864,0.33911691726713433,0,0.0,0.04298418859764201,0.49213677385516363,62.22446669681716,0.6690697699710417,922.9349101890551,112.9017923874591,0.14806821567639586,0.26030897292457245,0.08711105033291908,0.6650924162927102
landfill,styrofoam,4.998916667541719,0.40502440206800916,0,0.0,0.05519146175163489,0.3532822505642356,43.3427344969093,0.46546458540148483,333.3879618091312,137.69686784432082,0.12958922160849032,0.2289251933434534,0.18039170414833744,0.7919308718626326
landfill,contaminated_paper_plastic,49.97126258905483,5.1728161947420155,0,0.0,0.42151155061824364,0.27557450392872224,444.26369280462586,1.9791247978614503,1607.018131978604,344.60772806289174,0.8518222859734329,0.31495132740713766,0.28824117631671375,0.5262876195292233
recyclable,glass,13.692365831194113,0.7229194376146233,0,0.0,0.7923635943459952,0.7411357631151438,1002.595819196723,12.036666950332256,4369.6199203685155,839.2812990682392,0.08065496967725175,0.0815668716198132,0.0,0.22310096921300765
recyclable,metal_ferrous,13.783552538333426,637.4176418895108,1,0.061976845788179816,0.024921839986006868,0.8307415000221468,1504.6717317947812,12.349735536037391,8285.819122697247,374.0198954714401,0.01103332325570485,0.020644236468992622,0.0,0.15751686524743616
compostable,food,79.68835105113773,1.3882229735113363,0,0.04094635413242897,0.10847949962138868,0.13164874047455777,444.7827660223365,0.11722312436106946,602.850951203567,84.3014360428536,0.8150247186400551,0.1587047351909352,0.6498884153530089,0.667752711107232
recyclable,glass,17.788440136423112,0.464439854584832,0,0.032567841118335765,0.8277301625913684,0.7772847838543723,1095.7899719442526,9.837635879780429,5008.310195316883,703.3402726175063,0.10168812027636194,0.1594546669431432,0.10017852977299216,0.15253562506337026
compostable,food,78.12386206525466,10.925530068235618,0,0.03621616546319564,0.08967443602761066,0.010117442140945537,606.5208291453783,0.08437700299108142,706.5092408683315,98.16762842068958,0.7327226855827841,0.051242999843179066,0.5341442997271096,0.5742094763653517
recyclable,paper/cardboard,28.25259498229582,1.3485479035926389,0,0.013965338920827285,0.18531466240046895,0.20508335236487502,383.29284452863527,0.7131124338987408,400.0,129.9325809743328,0.5660187477022809,0.3617586935116499,0.08979029589753942,0.5722360843381752
landfill,styrofoam,7.1006459374388795,0.0,0,0.002018589215138134,0.07109844107167287,0.15103192245971647,71.7360370147131,0.692383563244767,1090.0206280996533,130.8528274002067,0.13892786674889918,0.20920794312715482,0.13834542264722327,0.6490958872695518
compostable,food,76.0282459368403,4.5966029915233015,0,0.02510767511348634,0.00523268388184879,0.11735193286718235,330.5021526251725,0.6627840604559143,671.6902233313331,64.13448575106466,0.8230590395968023,0.0,0.6550485027989819,0.5939754459549906
landfill,film,2.1928618924804333,0.4060493046338215,0,0.056816148466064045,0.32507543613478906,0.4635694748426979,114.43204600928118,0.888303019878027,300.0,73.9204022738174,0.18729491545526494,0.4611254792427881,0.10351354445279273,0.6270702212746809
compostable,paper/cardboard,44.16835737887431,0.0,0,0.0073448994022992185,0.10982205687908764,0.13559999066174178,278.76270115101255,1.4976742841260138,1005.3865208841403,96.67045990738505,0.6928702176583968,0.22440733383227462,0.3314400979850365,0.5686708414888677
compostable,paper/cardboard,44.72958374710052,0.01227465033029329,0,0.028403830857899832,0.037175088129540054,0.18683692637238347,186.1951433740531,0.4827574189861692,804.2957025967578,86.9067763431291,0.6881856245108317,0.03791633301329286,0.2900151406803294,0.5403942128871101
landfill,contaminated_paper_plastic,15.21207420848301,0.0,0,0.0,0.558951844215018,0.5445553547865546,282.6334810370014,1.0910034436885172,1176.303530026282,285.04763850231853,0.36169276645738235,0.4653840821368585,0.3803144099416812,0.9828187958202075
recyclable,metal_ferrous,6.015350623861684,523.4758779524674,1,0.05448368268989929,0.007707502096187874,1.0,1848.170832297227,15.479519899165034,6392.840561214573,446.11978410457857,0.07186994048857369,0.05535849576297981,0.01371898069083223,0.18247054700959872
compostable,food,77.11729866332671,9.063777287333421,0,0.0034481955870256063,0.054307194152318744,0.06422887904115145,100.0,0.609139951039417,680.7869682172391,10.926689111454039,0.7392215436232049,0.12334079827036384,1.0,0.6024952449210489
compostable,food,91.84043964150229,17.58322618031222,0,0.011139119577430355,0.026025351630037833,0.17372604361126093,505.58217543211015,0.5493230664078016,562.261734688577,112.49893436440951,0.9057234521787908,0.0933444913885517,0.8411965871151225,0.47609713157669525
landfill,film,5.842668727908892,0.5280232765972979,0,0.0,0.5989737387575877,0.4539079641133147,141.02184334489246,0.23151102092972287,1095.053624703054,120.30074343856641,0.24499194011435332,0.5007563347542836,0.28198564824224315,0.4808011223781294
compostable,paper/cardboard,30.532171364744926,2.8746263740779217,0,0.023703510736598283,0.10127224320920862,0.19556028990605978,415.0979231982054,0.8190734477044812,730.7512153853672,70.6835138682294,0.7864153449490088,0.28804783060740763,0.4176837978977762,0.6775240500334891
landfill,contaminated_paper_plastic,25.59445236275233,2.081708267118438,0,0.02549480899212098,0.0933962011299484,0.5367236623872665,171.80577477975467,0.6582539957712435,2183.9643334197667,266.46660106416317,0.11492759508134398,0.19704634202949325,0.4984925943445422,0.7888506080677792
compostable,paper/cardboard,33.62237301489124,3.133543452368359,0,0.006852548920105513,0.07755174845707749,0.22979874056258465,580.1619180939457,1.5232144757608286,687.9836004923728,79.40600794943242,0.6837268713292917,0.0,0.3004864712447844,0.6099243622732617
landfill,film,4.273385832832287,0.4946868484105573,0,0.07392748273105258,0.025026868899657828,0.643963714319938,117.40790997741978,0.8035969563462938,564.1928305739851,88.90296558879751,0.34661253255303115,0.284929506097032,0.18109988769227947,0.5825267471053448
compostable,food,64.9528508274036,7.136997914593457,0,0.009217545937020429,0.022586560253746148,0.21666671294242457,317.4164648324976,0.5551353567534667,743.5918304611116,57.1700908871651,0.7625664887401918,0.06386327623738244,0.8769587812541064,0.6232929157144029
recyclable,glass,14.987372351036631,1.0156902626386655,0,0.041645573869642,0.7723782939273409,0.5647134111035961,937.1951587018262,8.571859237937664,4578.652286028109,746.4681113653111,0.18334294640666268,0.040372849323039445,0.0,0.21323768335196097
compostable,food,52.04063706410643,0.0,0,0.008754249415180547,0.0,0.17513978660762192,341.0371109374547,0.14692407466617713,793.1297537843109,64.3555924878366,0.8254022563750338,0.0,0.6183425913212226,0.613310710765184
compostable,food,84.04009945325438,15.049267079062222,0,0.04579505508165491,0.08365906756349792,0.1389235212812981,303.0842116452761,0.44774418567849367,329.89590915813994,55.48691375488193,0.8670862723536488,0.19689331530459847,0.7592007294734471,0.45649403255577786
recyclable,plastic,16.2725744470238,0.9171227095078729,0,0.03321070305101252,0.3190731322542312,0.49014759532706503,85.3013945908761,1.4248349671129683,2142.271183232982,152.91686840638783,0.22418583202786202,0.5976074535747575,0.05171332817173202,0.7863956622095271
landfill,styrofoam,3.5355754380814086,0.42498151788345156,0,0.0,0.037382325900455475,0.320045370378874,74.80842428095502,1.0679537960862966,873.7076723024236,84.12825062748351,0.21765831788785422,0.08565667512964395,0.035532273670675005,0.5598775482336475
landfill,textile,15.905225347718947,0.9362500783208221,0,0.047692618773503885,0.1450770417186266,0.17004216911871667,170.66789354373256,0.9085622481291801,834.1385058697081,90.04166785292702,0.5541825837150115,0.0,0.4787773915912088,0.6588406929277322
recyclable,metal_ferrous,6.8573228844247,513.8876134369095,1,0.041566235453357414,0.0057934675975677575,0.9488418814980275,1411.5568782492464,12.29680136108665,7406.028930323151,451.1132989906765,0.07061251501638754,0.0,0.0,0.2366746407892257
recyclable,plastic,13.922471875785293,0.0,0,0.08464076051504613,0.4932586543270537,0.8285712477790224,301.7570221342513,1.6478465794571198,1364.1879373336053,208.04660893041307,0.2517523618605253,0.2268007276244871,0.0,0.3680640778772767
landfill,contaminated_paper_plastic,21.74015151616998,4.1191618814636906,0,0.0,0.24665585980521174,0.0,225.26119034796565,1.751511692206172,770.3296563625868,244.47871832916599,0.6580318881817606,0.0,0.4197274192848515,0.404907188684607
compostable,paper/cardboard,33.35226841053345,3.9155832289458115,0,0.024152067028012515,0.0953838326700557,0.10331364278081062,220.7321319357543,1.9194900073405248,716.1997413091883,131.4052063014324,0.7005551040895307,0.18027455233722048,0.5105547740344895,0.6907838632907984
recyclable,glass,14.29422115970286,0.4837480534711553,0,0.054914944019578554,0.7775362229303082,0.5220561074576568,766.7489795434165,7.08411847683746,4429.09043992773,609.8940528605143,0.10964067805345797,0.16542196850929808,0.11203795990191208,0.19576345584409438
recyclable,plastic,7.345263465078536,0.0,0,0.029327564826410236,0.6072773487910781,0.6217107756278768,295.1165742587881,0.42915814392346463,902.2945883735046,169.04355557412163,0.16067644689544763,0.23713124935440663,0.0,0.4235182520636727
landfill,styrofoam,11.17958104716017,0.4563313253421668,0,0.02092797903334543,0.032072873621869516,0.07598041995559579,55.9792245626673,0.7056514141865291,1062.1986099178102,99.28171327379461,0.29286180695324837,0.3436986248045809,0.07435043904959043,0.2627793285408211
recyclable,glass,6.189926975799956,0.24778865835141528,0,0.0,0.9241005992867514,0.6613997424350561,945.5245614539655,6.4100951784834015,4892.352866743925,582.3729276102815,0.07433165113192704,0.3053391237486951,0.16326074497860235,0.17779699274830596
recyclable,glass,20.398341584907847,0.0,0,0.023378137291249004,0.7433857247179837,0.5347757322646509,1141.7391613362042,10.361561436248346,4904.490164352536,952.6256847408185,0.060811244129354555,0.1480834980399766,0.27485844933780595,0.15534289457404254
landfill,contaminated_paper_plastic,17.891322657671683,6.2325133461460185,0,0.04536918343317822,0.281429558053733,0.39451954182669924,219.19762512518514,1.1550374569657658,1314.4244473965925,152.55168301365026,0.41343623166178295,0.26928133260261794,0.6213330239738813,0.7732825205406959
landfill,contaminated_paper_plastic,39.015443815379925,8.41244105779896,0,0.04366850367374275,0.15979511190085843,0.7326084519192235,324.7668415685969,2.070825276642229,1427.6640858725223,103.64701172192184,0.34499827208187217,0.3705930484929221,0.3246999567913347,0.6171046309646772
recyclable,paper/cardboard,24.32989958274779,0.3783191736949776,0,0.052470584217836125,0.08306090116555759,0.10981715810344561,279.43337504275235,0.5991469991372333,1004.6137605050454,86.11549907516857,0.729394290474186,0.27878543687922297,0.20878039355788486,0.545787759029705
recyclable,glass,0.0,1.3150649824372052,0,0.04111020801986537,0.8028597015363945,0.5746598281704981,998.9785552395114,8.707069987564061,5916.732107429168,673.9003982532979,0.046504768412701326,0.30749554618831143,0.17402255141734652,0.19686513676101955
landfill,textile,4.817455568021639,2.885788516485527,0,0.0,0.21522506518727486,0.2102038767986507,154.33782011128793,1.2112379938806568,1452.7601356631253,89.30197739511087,0.2776318412247142,0.31094468111580403,0.0,0.6298925088169497
recyclable,metal_nonferrous,8.9638996421187,599.339447323943,0,0.716871106530581,0.016875480552367938,0.8196091427498094,1145.3588092803607,8.115551800733073,7543.65856439464,538.8716145899097,0.08832657540480596,0.013344696140644534,0.020245469887829853,0.2888205306452883
recyclable,plastic,0.0,0.2398127434020071,0,0.016841770493690865,0.5915721002134162,0.6698896508039152,91.7426522708723,0.22958131936301585,1618.373296138438,166.77144173599785,0.16593456013067592,0.051714154676185176,0.11299738839354936,0.6489419181763099
recyclable,glass,10.852911248927178,0.8767087367105464,0,0.032994789452993036,0.7966133295026816,0.4758084065491086,951.3639217590758,7.060983488494022,3779.698134451227,640.2228036845954,0.14979445626493976,0.48858050507047673,0.11737663500227208,0.1335232776088272
recyclable,metal_nonferrous,2.975565648107052,183.9666328060879,0,0.6860833510241915,0.0017852916972047786,0.642837116951766,703.7708550756569,9.992893251601576,5347.671724688337,898.7258617534894,0.13501689638073128,0.016603876862442316,0.14457100947227855,0.2949282556879451
landfill,textile,0.0,0.07702310162590609,0,0.022817194449813494,0.1300175049284521,0.0,170.39518078690597,1.4380459704932795,1134.8351226495058,101.47951093999899,0.33817582824276793,0.1442931303031889,0.11812311054271085,0.7208588230293818
recyclable,metal_nonferrous,20.292249546193105,256.17615947002514,0,0.7554576981725307,0.00032638836690871423,0.8909904878103132,1079.893874520437,10.931418262542254,4647.283448935023,394.8893764432846,0.08967513980869714,0.0,0.057449779976853715,0.27009173290858574
recyclable,paper/cardboard,17.493731780232444,0.9004505888008079,0,0.02004367181674072,0.02374403367830405,0.1629973626949297,354.89118911295617,0.9612816980773288,1546.9744954782718,164.4364641909945,0.5803879539231932,0.6443715339490251,0.10564184112878655,0.40859203828198765
landfill,contaminated_paper_plastic,52.10019929601178,8.882534690445773,0,0.0,0.22044669433455016,0.21955235945704668,228.61193321281576,0.993140052075806,1086.0828921410637,360.2652375668657,0.3707413767582857,0.18834723498661501,0.29748371410059044,0.8752532347682106
recyclable,metal_ferrous,11.033347119290045,665.4353557201582,1,0.0142725048207882,0.00678728069279419,0.7849604561643169,1259.7939442195125,10.959685269699863,6297.0487318615715,566.7600458422442,0.026770550964252446,0.09794081532338363,0.19021490356131432,0.005265752585918576
compostable,food,94.6694016653288,25.421606512611525,0,0.008928235165840109,0.07844915395926377,0.28027172985028304,404.50467108150156,0.44910490997440955,383.66381721027125,44.631081732678325,0.7680577963947194,0.0,0.7051125202388838,0.507603212272963
landfill,textile,27.35151652804535,0.9171130161251346,0,0.010377608855634613,0.11668160595182775,0.3588164738696167,258.8366731905469,0.9557609145869534,1507.1374778672446,121.24369016321495,0.40508058241528666,0.15370672658241236,0.19093677777500265,0.8609596083459616
recyclable,glass,0.0,0.8176645976081032,0,0.026469980934214397,0.8135626355000207,0.7244957093172003,1018.658371391698,10.76897955493655,5560.427562793202,839.7899008112383,0.02497463644854553,0.14316254508185708,0.33544386682148974,0.2524491060381728
recyclable,paper/cardboard,30.019002337006718,1.1711833984113766,0,0.026299437431106645,0.13504879722181834,0.289874182967661,380.92946876375487,1.6964309215750955,1655.526609195654,134.70939851697966,0.7843970151032336,0.5092496695095948,0.0,0.5326768668647062
landfill,film,8.93524063072165,0.030771041473768967,0,0.02652531221480068,0.3847443696520835,0.2509154219479615,201.61995356500321,0.1,2185.9267757945286,230.11274802777913,0.22389912758276864,0.281413954084566,0.30453493724571096,0.5116259418016587
landfill,film,15.714564486613321,0.622159544260696,0,0.0941630888147152,0.27880199078301765,0.38030045675851465,131.54535662617536,0.41612383022645005,1325.7992816189987,70.29492198941533,0.4833016418252688,0.4743891792360626,0.25226363852805656,0.7301091739496963
landfill,textile,23.357859151331326,1.2652883447838081,0,0.0,0.22862520864548588,0.2345418582280814,165.81427160244954,1.3585076031018481,1294.6168774459452,164.5178210270366,0.4806975508226412,0.32049847205947735,0.43615902491640257,0.8060349458765166
compostable,food,76.1441303932957,9.892414271342007,0,0.03358285550876391,0.034897725025506796,0.12364417709223269,537.8244845145955,0.5837645072710294,563.2311914365556,81.73168974521316,0.6971542301434315,0.13297520759908873,0.7918703191020403,0.4779980245708203
compostable,paper/cardboard,45.66984589745367,0.0,0,0.004662719239908953,0.08340361346243105,0.2520138293996436,345.15165406519094,1.2993300570063528,919.5294338090041,100.00589638816938,0.7361322324103403,0.0564033270267677,0.3569118832449727,0.33894670116233716
recyclable,paper/cardboard,35.370053243691586,0.9245176848209777,0,0.023645604470757395,0.028006032926382332,0.2110908022824361,364.83007960800876,1.8580815114632347,1519.6274170792742,92.88192376525649,0.6373914594661203,0.7411913222784439,0.104967162623629,0.3780047302237259
landfill,film,10.993445187613336,0.0,0,0.0,0.13826317380217218,0.5223698747974389,98.01313380285609,1.3533921333377146,1262.3401066771596,135.80888790898143,0.17025145026562113,0.33707804579744544,0.37432616008275466,0.6214032618302445
compostable,paper/cardboard,10.10431954944358,1.8160864347914683,0,0.02032050564590321,0.11973001914726057,0.24815355745994927,254.67873429830541,1.1397543941480268,708.4697923473323,61.798436129807655,0.7447915823504507,0.027169734168408094,0.2878059649142205,0.3507239060151144
recyclable,paper/cardboard,31.50667628792086,1.6259109671014114,0,0.0,0.06509753207898208,0.2550796779649253,298.89432183686984,2.394573650818229,1350.338782819373,102.96790841337558,0.6791835519687255,0.4114090106747893,0.04716096867582899,0.22223765225513223
landfill,contaminated_paper_plastic,38.92785810868588,4.22367947066762,0,0.1267091124471003,0.0,0.280645504726477,157.9990094287537,1.032723012137068,1333.7350126286115,218.70121714302195,0.38754477844107893,0.1745288529690212,0.7872013899540888,1.0
landfill,textile,20.51629382018152,2.0674678510706856,0,0.009560313512132506,0.0,0.19729835978092958,169.0664269931963,0.965047861438687,949.0155334097193,139.7847586326629,0.4099211672723503,0.21652375602226942,0.2860226178308745,0.6484200612222575
recyclable,glass,7.365042117882632,0.6580339348649756,0,0.04751649066852003,0.9527283756143118,0.5492774179616061,760.8205255357093,10.07190314720191,5193.417236118504,1232.5589010634449,0.11822815884455469,0.19318536849364676,0.02876513976458707,0.12357101472809806
recyclable,glass,9.71126309714558,1.579560577301646,0,0.03273944185834049,0.8195635276666919,0.6369541545814522,1309.2706019981856,7.049640296530571,5161.742378977488,626.9839562869741,0.06158772949702548,0.323629963276348,0.06959705229685172,0.13952046205797067
landfill,styrofoam,4.815739754389108,0.15974069321436413,0,0.0,0.10285295056782887,0.12253116191880589,57.282539032724074,0.9172628901291874,1138.3628903690296,89.6833069535744,0.24553075158897475,0.2840714476732553,0.13234575561691425,0.37567785467624715
recyclable,plastic,6.115521730003655,0.0,0,0.01937885545495659,0.15419626130205755,0.9540225674063589,289.02036735621493,0.9189506534095342,1387.26206024116,128.15617628967834,0.3234037769099294,0.09442211043123278,0.08801332411731455,0.4004649883383274
recyclable,plastic,2.7576539999043126,0.0,0,0.031437131466480306,0.7462299431140706,0.5919605830100079,359.03879880988165,1.8002775639839619,1635.5032649121465,153.58008670411957,0.19453710337885677,0.3025837456784893,0.05884114255422315,0.5155560891720867
compostable,food,89.5571723997502,13.133735309119238,0,0.06638659079963388,0.06966589196971859,0.16536392931920252,412.9060242956998,0.5333852261955706,469.5060327238912,87.70271691721476,0.8965361853435667,0.024980737764443532,0.5003150569663333,0.3796553552276044
landfill,film,19.325230434066754,0.8745662362070435,0,0.0,0.30182542102128684,0.4542523285074234,307.9431722806499,0.6850499473960567,1771.0501768624538,64.00208029360343,0.15103490338356365,0.1770093202227699,0.09777592393962597,0.5598151898762251
recyclable,metal_ferrous,3.344751061001097,611.8446068502127,1,0.030767562003849343,0.006590543439134197,0.921882623278054,1779.8732623736068,16.856362918982605,7498.9919553464115,417.46549344897494,0.11090129540615021,0.01974218821970013,0.1728334799748456,0.35737342165551067
recyclable,metal_nonferrous,5.964132877171046,493.79941927862444,0,0.8015679693262103,0.0,0.8463142918856988,1092.0084647720932,14.62132371933002,7506.41973634617,470.29201318557915,0.10460895123526895,0.012452330845276416,0.15567456807526797,0.16833858012398922
landfill,textile,40.191954975777364,3.1482392019576406,0,0.002394719614274416,0.0,0.0,272.53166945118613,1.0717648755353681,1273.2967641834873,49.4207053169479,0.28702166308173005,0.1786326860538905,0.2532541413382513,0.6521689553303489
landfill,textile,23.38400651065413,1.3763885618891993,0,0.02815821772821621,0.09480816412239391,0.40135397489328906,88.11376074405052,1.712874862409226,1528.9369194750207,161.42796045982305,0.5675469141460193,0.20703608466242499,0.0,0.6913248808342617
landfill,styrofoam,8.19921443236414,0.702927025353222,0,0.024520719984586672,0.11294431028714108,0.2613617667364876,43.855686450311204,0.7768535363142637,598.8120465702156,136.74884870317345,0.23532737535748288,0.26246149959539355,0.24359432022281036,0.22679097367628398
recyclable,paper/cardboard,2.0,1.3661406130783307,0,0.0,0.14270419978364468,0.11709366425294697,243.00655736669768,1.463186194803366,884.3011591190414,103.35629436426258,0.5845299385165348,0.07002931869422907,0.22179570524293596,0.16855318300465
compostable,food,52.48136752749751,16.95769156772909,0,0.007292752223487414,0.0,0.10005236882294208,427.85695708129805,0.34881383386544684,100.0,92.4266549221783,0.9219900033022977,0.1256065393937654,0.5293471494362775,0.5758210159262979
compostable,food,75.84062595735817,21.295026420865526,0,0.0014529373161885177,0.06191844913673926,0.22801581038259439,510.13130039278144,0.5473954041496858,700.2092185134283,10.0,0.8742300255624725,0.03421470218108033,0.42540506547153145,0.6613443119429977
landfill,textile,0.0,1.4612282614987981,0,0.004536954059558451,0.27563779876279926,0.4055678424627795,182.29850663709146,2.021378587286619,1913.2458079970024,133.34830023667664,0.7707900658647786,0.21561223862623885,0.18567664794625457,0.8039047106301211
compostable,food,54.967136626543535,16.34688153903948,0,0.006747524821083066,0.07852993342965797,0.08893926747659864,233.4141479202577,0.09311439052920933,509.6169893322764,76.49306254303704,0.7476546699916473,0.12470147211441618,0.450771990659656,0.592070424162322
landfill,textile,37.23307215418419,1.8982445728562294,0,0.015090989874275259,0.2044386051876579,0.6314692573609856,188.06066201083328,0.31295798465292535,965.4859801791392,158.1464200136823,0.15927935336529062,0.24371643048768973,0.28085386405054125,0.8842146087775182
compostable,food,93.19672866304288,16.81694656313987,0,0.021440737225674897,0.039389551504942416,0.07384652319822115,459.2976622222635,0.5644381350356876,251.64788490367513,78.35441043112243,0.80757927609402,0.0,0.5709422483830746,0.5503673359894027
compostable,paper/cardboard,19.736971986647326,2.4227931349413176,0,0.04125314581575053,0.06121831671172322,0.27457798629907004,416.3470760566386,1.8654931328573894,976.3107816328383,104.6847924951503,0.8331349830664871,0.23368727244827706,0.27481488383146807,0.4327185745208208
compostable,paper/cardboard,23.058218217759446,1.6369936757286658,0,0.0,0.08892383319426948,0.2800200395469497,167.3281081162105,0.9656289306728978,982.2766946775324,121.3210658606871,0.684142030695988,0.09692996048809244,0.0546615286375875,0.515515719396216
recyclable,metal_ferrous,12.127597832308568,508.05250930939656,1,0.04828876499441175,0.011839874431968893,0.8739277649768477,1581.9887374934306,10.194166674194468,6240.122323942028,472.4080120572078,0.053769794026513024,0.08778329193721573,0.0822489382966185,0.06502269306187689
compostable,paper/cardboard,22.16894607493904,3.912590004182692,0,0.06649346611705637,0.07914969627580845,0.21535147617916367,307.60666282337945,0.9145661320371297,444.80993054949596,72.35566292261586,0.6086433295238615,0.38449224936709414,0.3327335459115141,0.4481121006429244
recyclable,glass,17.221576422026224,0.0,0,0.04334687685029653,0.9180575515568518,0.7891863022160748,621.6762914713422,7.35741190745669,5395.102412167459,582.4127184498179,0.06801215773342743,0.38910509714023633,0.09617605996921683,0.10732258621661568
landfill,contaminated_paper_plastic,23.175361028375548,1.5193473688803913,0,0.0,0.1559649745113671,0.5802223562124343,186.5878565368737,2.486066891126189,1171.7025821052382,193.22930558597,0.20464144549531313,0.40744406903505587,0.05413604102946096,0.8332437546015774
recyclable,glass,17.044877280185883,0.0,0,0.037823004524491895,0.8037430321424197,0.7295140979337417,883.8069350505309,9.232339131707445,4005.067650782089,637.7859309788619,0.09149090056109707,0.31324586069072535,0.05213765326417218,0.09312324554270901
recyclable,metal_nonferrous,12.91843830354857,470.6791034621039,0,0.823778177726807,0.01667256841749534,0.6300805745499491,1082.7232515143362,16.4067601902321,6338.441063051211,844.0916741172557,0.06112363551411673,0.058397625291814324,0.102681976191087,0.0
compostable,food,62.95031079897518,5.8576194791669725,0,0.019306302252264377,0.06171073662682604,0.2740400394251261,330.19751511134507,0.746080599619146,457.2022311548982,68.76340725868917,0.8739855593733282,0.0014094584906390872,0.7573614619276076,0.6199742649855667
compostable,food,62.14929002326665,15.859779321945481,0,0.015530744293482984,0.08570002470460461,0.1878590099658836,441.2605304811753,0.28830157048289873,197.0305550628271,58.83712619832447,0.8885119035458777,0.09498656208911428,0.5131391831932017,0.6207817111021419
landfill,textile,20.280621501874172,2.02719478824286,0,0.0,0.2634862851160347,0.3282117625528341,175.05562142436182,1.0107622473095639,1392.2444860994378,198.43830544287007,0.4152411578035016,0.24016432627709167,0.2228989564201394,0.9138428935241767
recyclable,metal_ferrous,8.700981045033103,407.1613498865959,1,0.07640197888872027,0.0,0.8731079653329661,1355.7967992125332,10.90296875240844,7605.124897646061,678.2174098589294,0.11010907220667882,0.045887315016427344,0.12451606903706726,0.15622626775956755
compostable,paper/cardboard,37.86265944528487,0.0,0,0.017134821692716146,0.13482735591151268,0.026612230418430305,438.10338916150636,1.648949687481264,785.058846042381,103.58477069679523,0.720251818152506,0.32759884421264196,0.49740247141549115,0.28998939152254866
compostable,food,62.764027935694614,11.811582793006096,0,0.016512914841943283,0.06126539610204708,0.12043784569333131,434.2232885193999,0.7065117928603766,412.6471525523565,29.83557248153302,0.9599667123364336,0.17670178550833407,0.5061605957341572,0.6827649366294233
recyclable,paper/cardboard,25.954620413582965,0.17038902891059937,0,0.024538638876004958,0.0,0.28375636275425675,324.19736299093694,1.3395535480481184,949.6879163114636,111.78973396332843,0.7350607768617932,0.4985930161727609,0.04944620527215389,0.23155444583213114
compostable,food,85.98468330672193,7.603677803235721,0,0.017664681684095067,0.01822210792977983,0.2891081081482665,411.4508680658506,0.9581392608698005,662.8303524236533,82.05166818338465,0.8494986517854015,0.10756581087513761,0.41084911309815847,0.5665339927019092
recyclable,paper/cardboard,27.33285041087872,1.3214785793290578,0,0.02628045204972229,0.11344736836435435,0.20073815943963752,267.19748701143146,1.2244163901880607,900.4288840552681,71.28058496210234,0.6096226110892355,0.3686319337959534,0.1303117582445637,0.3120184811593303
landfill,textile,8.755916225046711,0.0,0,0.0,0.0,0.2914387945471197,81.58982198941742,0.9212627931538817,1447.3157213242832,148.7496577246867,0.34216615300562725,0.24672932244571483,0.23714325275801093,0.6730910853342176
landfill,film,12.275150362460664,0.14310700862240427,0,0.03827138872570905,0.29774810842609456,0.49557707806028495,200.4979353459045,0.9921086147650467,1343.980554932791,126.0878896024526,0.2157982654195225,0.1069776203667035,0.18339340973772456,0.10183281666162919
compostable,paper/cardboard,37.11427787003231,0.6663025660968727,0,0.023958333346841512,0.049626385618984636,0.1516946605116984,238.2348777820424,0.6269314841041388,936.459117553846,104.63248591290845,0.7611906876861098,0.27839103031622814,0.3986510315022302,0.4200911752674645
recyclable,plastic,9.748833142445925,0.5436955323559012,0,0.03340675690890105,0.614956318822023,0.7219909611722418,139.42440099784173,1.617761378828586,635.4784454790553,184.12668549105925,0.25282744436501453,0.48455830264156263,0.052346720348130274,0.4756284303043262
compostable,paper/cardboard,30.229306814099346,4.475307515023996,0,0.027595352720817923,0.031597712074487735,0.15827846062305673,244.7109170313335,0.9160844031065859,1144.7223896391947,55.70642176841236,0.8487024684587499,0.2793875628221547,0.5136292505905546,0.43055907319621123
landfill,textile,21.703873406907114,2.2568780316749217,0,0.047448659990306716,0.10380780193964592,0.23561553257176504,74.70960283364147,0.7661205332900144,1406.884086463584,149.9751777569299,0.583174862500613,0.20312985184873456,0.0,0.8268076516930813
recyclable,metal_ferrous,2.6389094448843187,719.6776052073209,1,0.0,0.006458904202758925,0.7730668673911589,1975.685098586992,12.483898627988085,7772.94852142013,612.2983220737079,0.01742868714577011,0.00696354183023308,0.1537911470089106,0.2166655817359844
landfill,film,16.000902636966934,0.5998235632996811,0,0.0842221218690869,0.45763000830805095,0.6145926530822055,221.3283744715894,0.567477040998444,757.7029680193971,68.84470404878864,0.2682914563620256,0.0019401638171315239,0.3331877372907419,0.5836210358249171
compostable,paper/cardboard,34.422937912030726,1.6336990578934105,0,0.012866537316402575,0.13903204562260724,0.1360880587834088,304.0700438099984,1.2204791607524341,774.553951797117,55.688361302897476,0.7458379602894134,0.17267952337735396,0.42503607041548547,0.41995995403412495
landfill,styrofoam,0.0,0.4895793153141344,0,0.02441978306861839,0.0,0.40871414095129266,61.86916983532706,0.9568178015474024,583.7759718928943,128.25741038765918,0.09699033695327909,0.2998510422048735,0.20206074759086712,0.3941332114924445
compostable,food,74.9217442172465,16.79035511649528,0,0.033366809774361614,0.013291310061075215,0.15655964451308482,504.87364855382896,0.8639555805366916,640.9013079649446,89.72641718438797,0.8267061302343488,0.17873214016424527,0.7614644193939246,0.4966694507791715
compostable,food,61.334002586630774,20.31289429936215,0,0.018484714269290804,0.08352403086206063,0.06425142135678756,263.54894807807227,0.7044724145062572,575.2819052195033,47.44871114106224,0.7504269534980244,0.15878043490903387,0.5215882160699008,0.7971207543907156
recyclable,plastic,13.953978710856262,0.3482539043573816,0,0.10220125647211899,0.6667674163078119,0.5847127704492248,107.28314025663686,1.6925016088042675,903.1591931418544,224.7603536334822,0.1870350318370541,0.5651319340720549,0.046384989610732036,0.46839314155217854
recyclable,metal_ferrous,10.395905610314784,654.059009252712,1,0.06512863560152818,0.0029096473013744298,0.8145093938510961,1445.829812005347,8.403145806018372,9141.730047022114,602.0175546928939,0.06325440832615445,0.003560395927377065,0.3348526321862223,0.09266719677771046
recyclable,plastic,8.854728473019364,0.0,0,0.07852430430398455,0.7488829056415169,0.8330825905896849,381.08434357189594,1.6708689104516705,1609.5644347388716,83.84137679130761,0.15748708790892602,0.3152452266788097,0.15352236865934488,0.3100197976638667
landfill,contaminated_paper_plastic,23.017226839740555,9.682715154826,0,0.0,0.09605851547793981,0.5153122241017989,372.609370864795,1.9322858346486447,926.3890838897576,233.64078056875078,0.3661005240820477,0.2288688732978735,0.6906425564584571,0.6840534724968497
recyclable,glass,2.874619566659886,0.08891719665529657,0,0.0,0.7779641230897578,0.8419455680797838,671.1307427274269,9.316148047651724,4047.4181216961397,1009.3505061481266,0.13244649186414467,0.3036883978566736,0.12449076424822043,0.15689404631591014
landfill,textile,21.109053768070837,1.135282508552318,0,0.0,0.06907560923672704,0.19104221155063256,121.95995601896163,1.1129992470221381,1028.3270839089382,133.5998134859612,0.4182254514728402,0.08619438990482978,0.1562077148026897,0.7092849139313
landfill,textile,38.17097119977065,0.0,0,0.05836621294101124,0.10553969117833342,0.27220580459685334,122.01177447762242,0.646925360930889,1395.5383559251952,237.30690101491612,0.5504969969222352,0.39717320899859565,0.18927979675817283,0.6279754930497246
landfill,contaminated_paper_plastic,43.35076964950128,7.451536287052734,0,0.013081167075577549,0.47867752269359976,0.40862508619060983,296.23180221424445,0.8105541998600165,834.41736961152,222.95664079284808,0.4891524292689814,0.1921295268194845,0.1623146562449192,0.5976092295206943
compostable,food,58.59434632247705,18.785393701333344,0,0.0,0.07761499688397616,0.20005047469168008,366.387381788451,0.6455066417711817,552.0884526667112,56.52895359518154,0.7393156252739033,0.0,0.752447507094954,0.41222366743655336
compostable,food,50.19069479952148,11.287039683897692,0,0.0,0.08348362744150192,0.17932785968774786,337.21442564071737,0.37153327066582664,288.1572956222097,68.4330225681707,0.896411385640099,0.010999176756511936,0.7756069773276766,0.5363690857953071
recyclable,paper/cardboard,21.896038635244864,0.5431645313055695,0,0.0,0.14512423086184617,0.11681654203774124,486.37967620698953,0.9461787094532799,1282.0980357637507,174.8399147524825,0.7279271807411047,0.4316212682485203,0.023151635303810425,0.1565523136005214
recyclable,metal_nonferrous,7.6420741280468505,244.75012125688755,0,0.7352220131386173,0.0018780033804252202,0.7370260744010403,1040.6718919997536,12.045230226445426,7155.003462960122,383.81130274997065,0.1458993816493686,0.09837396722770653,0.09986286770647489,0.3289536583076641
landfill,contaminated_paper_plastic,18.05771633606894,6.252493668771967,0,0.09005509762859645,0.0,0.17574408170364306,366.578878609213,1.7256274660031572,525.7084831893038,251.55193133422551,0.4671546118476512,0.5062017909214303,0.32309573531321173,0.8274220195777082
compostable,food,56.15399275652187,4.0829749074373,0,0.03881542375976432,0.0008756303230845197,0.13202934800023802,516.0062518829462,0.2579138862840912,521.075101229192,36.64936262704489,0.7718905884839029,0.1023847353899776,0.4610509399702496,0.6528569685552479
landfill,film,7.27027504606101,1.019203288327477,0,0.008577865542232686,0.4202845928479316,0.4143326239248858,200.56644180594162,0.6306368598267794,1060.9624439382344,38.99707201743047,0.08866317637950602,0.281150978998226,0.011471712064402867,0.9157629959001753
recyclable,glass,26.58501110568048,1.1977170410995925,0,0.037254062146672456,0.8741125655824894,0.6963419960123154,465.54884603837513,9.045118131170561,5589.607097287977,618.0792011393352,0.09647811996247238,0.3021909255071837,0.027225564855001966,0.13486971356563354
recyclable,paper/cardboard,32.70050108917586,2.7061472407749463,0,0.011223000190436571,0.04026569446685542,0.00334644555607852,231.73116407037162,1.54317157875048,1679.7369722510202,143.5596792281539,0.7044068323765403,0.32797846096579647,0.06168342827440436,0.5467906636511148
compostable,paper/cardboard,52.93925872943883,2.0826512645412367,0,0.028860042608947506,0.12757748852870215,0.10851862797077898,342.61247091317057,1.0929435636404825,1111.6926938041233,36.819314491212616,0.7120724559806985,0.1076615213059246,0.4148394425951233,0.5705066281052303
compostable,food,65.95516602771012,4.883884562995814,0,0.003683794300691233,0.04614491452929479,0.17729215798533152,483.20289591960227,0.7067958122590059,502.6003783755814,106.33835192893292,0.7988274533409635,0.27041184166127336,0.7938501021647508,0.49714109323004607
compostable,paper/cardboard,22.616537094866782,3.190981795278515,0,0.008202104870742181,0.07339153221778141,0.18505952757690022,164.98003246977575,0.888465182871826,1237.7682231032848,112.15477971461989,0.7149888338138212,0.20917481502154717,0.30586362415453133,0.7034875078741973
recyclable,glass,4.164812019235155,0.16005573013190683,0,0.006120888784485051,0.8653511636017318,0.6839440390498203,761.1784743497409,10.069906566381587,6050.767245881625,1110.6364336831855,0.003089129117506542,0.26924866206021675,0.08575813679489293,0.19551553428653562
compostable,paper/cardboard,50.05206032908808,3.4620012535709628,0,0.03076869914432905,0.11578671205854202,0.34760533304077157,496.6585405532501,0.9253138627986819,1305.971248202788,99.57920474397251,0.75992766529102,0.0,0.32444213519177056,0.37807646144951523
compostable,food,90.37972554004523,16.461528485800997,0,0.0,0.062325238921600246,0.1898577398797428,586.817884622552,0.8951351716420934,296.98116163442626,49.72856221974155,0.7193937712868307,0.0636186098625113,0.7699537561669502,0.7184801419906922
landfill,film,25.002642472601558,0.0,0,0.1246156509552438,0.34805576578469355,0.5563668550759551,84.79735131691636,0.5143652916612595,898.8361399847923,77.25830174732528,0.22910820426291284,0.21894761622898437,0.5831406056384321,0.42510387214793083
compostable,food,63.876834341063,11.5237971515056,0,0.0,0.0,0.12979454788854716,300.26601816421805,0.9081028259829088,213.97172440787347,58.998887832575406,0.8304592461828872,0.1808891302346281,0.48462067732308406,0.7395796502585952
recyclable,glass,14.734499333724358,0.48115643962888105,0,0.03701595303027741,0.9431992706051138,0.7625318334021502,857.6813904168438,12.380906364815377,2371.630164487639,1201.4561285128257,0.011761636204370596,0.12474886102732449,0.09672659718439448,0.16535193292718386
landfill,contaminated_paper_plastic,35.964423178813725,8.78744584658472,0,0.005166961490795388,0.07304795127310104,0.6473239484285951,204.48263097424422,0.4421787878537603,1057.4350289500649,150.29525382803993,0.7298932909906377,0.5349652424753475,0.6795041233264485,0.8483968370816143
landfill,film,12.351204264987107,0.7722133277298366,0,0.00695794016237096,0.28496271007129675,0.547857851843039,111.59120969437802,1.1540061455272999,814.7230782535469,153.57825246470807,0.23998272312132435,0.3122388947165059,0.16724654888865295,0.5491367558209759
recyclable,glass,17.151446496793255,1.218184017121877,0,0.0,0.7722161404212132,0.6549746612221728,710.9989951358489,9.559817184866516,2748.127242277022,504.0559262319173,0.1415678880069963,0.08861360391823787,0.199474262248234,0.21553381955901368
landfill,contaminated_paper_plastic,49.045060712439955,3.116040758943987,0,0.09743849503326033,0.34089798353486833,0.4728852154270696,460.30963308518,0.6694343781837495,1056.389529165889,199.11420774211408,0.60854523362716,0.3858859042589866,0.7071518073021132,0.6705972154840417
recyclable,plastic,0.0,0.6303694332122614,0,0.1341657287963765,0.628553672610225,0.4868376986969498,210.08861094118393,0.7170335610518574,1757.142197585179,92.43547986507828,0.175989697053744,0.16921919126709684,0.08887772795944733,0.3540584981152036
landfill,styrofoam,2.7658184791618825,0.011240117908902864,0,0.0,0.007303985123964088,0.48544820342782335,44.159928518095114,0.32264847502247207,879.9819654611933,86.6890572212442,0.16630847342055421,0.36908551596945083,0.1749126675558365,0.465201130927444
compostable,food,77.87285400642452,15.99748088242347,0,0.029440045418385487,0.053797763395804374,0.20941459346877778,507.8698743216789,0.19058439441817554,673.8312128778546,92.18227093166855,0.7589371116657134,0.08265564848133214,0.8024993489216603,0.5748823416504766
landfill,styrofoam,7.78238552334746,0.39428179477012115,0,0.019870745884075336,0.10193635297210915,0.2741835526939002,69.57362361301874,0.862436295382741,971.8876798981236,42.68311091603634,0.11744933224153922,0.39042795884397097,0.0,0.527571531227945
recyclable,plastic,15.960472037487268,0.2475554645278069,0,0.02112328679903936,0.6894476092780626,0.5978712586221713,127.47558263461309,2.396867057466086,1986.578954910832,167.77558018817805,0.09897081970174577,0.1286852747808705,0.0875060501893407,0.33002321378909416
recyclable,metal_nonferrous,0.0,568.5819595538771,0,0.7685294161804275,0.0,0.7391709087027096,921.277683593398,11.147299947077606,4425.404158565379,516.4615469491436,0.07875584666002557,0.0050480387734070375,0.24373321613400137,0.13465045199386583
landfill,contaminated_paper_plastic,45.048020568572326,1.224059938608447,0,0.0,0.06250419599546794,0.3777291195228978,234.78132749709505,0.629894722758123,1434.801847031622,383.6311927501786,0.3591512168696728,0.26329763575929327,0.5619323140648738,0.6829420449915846
recyclable,metal_ferrous,0.49280518019793274,370.12225847555044,1,0.09738313675084578,0.0,0.9295163492160675,1553.8007004406504,11.514135549176018,7526.095239395974,467.40017148803395,0.07397491430486937,0.030925529258795364,0.0,0.2337482074726399
landfill,film,6.39000364476739,0.7904554760267685,0,0.0,0.4789514778215987,0.6152577563967331,219.75888352117155,0.9901693453319438,562.7162437664398,82.43870236111263,0.13180044781021755,0.19930840505002898,0.21707771786369315,0.42518377106684146
recyclable,paper/cardboard,31.779699708965286,0.0,0,0.01337951331583839,0.1518293077491742,0.19470672523628524,343.2998764141435,1.067098644325621,1378.4563120191733,98.53758376334012,0.6540304260481647,0.4427917110230775,0.1303078221530848,0.353357202662183
compostable,paper/cardboard,49.04238451035924,2.268592994495586,0,0.021591957247520728,0.10770288855579536,0.11968078508206192,302.7028331247674,0.33904658215632777,1119.113911375734,50.96266943895351,0.8402735862743199,0.14038558872402596,0.31824995271032347,0.40583991408732417
compostable,food,75.12279673223505,4.1479307916163926,0,0.029242069485265414,0.0599529847786735,0.10198264982729642,458.37625019880227,0.40367160078455994,522.7034690502496,86.55326686302617,0.9468813452916282,0.0,1.0,0.3657494640572998
recyclable,metal_ferrous,15.343135511255559,650.6933331217538,1,0.03223277465561557,0.009757133776692501,0.8500528855218217,1805.7573455825257,5.538808278625616,7536.378060411822,504.2121262282455,0.11959928911535592,0.08115436739445477,0.11918861966794374,0.24863099933502217
compostable,paper/cardboard,49.87500807729874,1.2075406437964804,0,0.041367586673880324,0.1102060444794259,0.3412547126473352,166.85001991742485,1.7036932959147195,1186.6102176001818,65.66552904932414,0.8005706669178527,0.22033739556314746,0.3158785610069888,0.3764096769542001
landfill,styrofoam,5.2305111300718234,0.038171061866474426,0,0.013461352971411069,0.11420401382711436,0.22957929623190595,40.90261836831847,0.18369687667385504,494.6756538486937,115.93174492219995,0.15755628665852317,0.12709749080951477,0.04840327768160575,0.5636073376320291
compostable,paper/cardboard,19.70921457107846,4.096965302101185,0,0.029755496421686765,0.04328833390144811,0.17009292538635068,443.84896268769296,1.4934191254023463,902.1959137245369,84.0579170759754,0.7261287256361327,0.11858837304692357,0.03428757414214778,0.8063266865802097
landfill,film,6.329774378228015,0.07226336290617058,0,0.09792359982366639,0.644758724502633,0.7208733697075569,181.43993733505968,0.9463715328897762,901.1877237336365,82.81054971469447,0.28629957034326875,0.10395544111798036,0.07109423274842921,0.7729369884307214
compostable,paper/cardboard,42.94462201710168,4.377193646174016,0,0.056987242827727616,0.12215526661616201,0.261398700427449,247.79853006116838,0.7374336733024572,1112.5198331043882,100.44201880598501,0.7285955499472714,0.22648457767595878,0.39847782236873086,0.6925725289780342
recyclable,paper/cardboard,17.946832760841517,1.6957655730155103,0,0.03288776907076364,0.07250536886589447,0.1755600429557078,266.2357045059371,1.6552090234730599,1559.153559438574,93.01352450005784,0.7600656398214731,0.25929902697756024,0.035237278750311574,0.46460324656804985
compostable,food,82.0403256177033,8.200770747019805,0,0.03742594594914488,0.0,0.16011036636371295,682.6714798869941,0.24991716884860632,364.4510058950297,82.84769624147287,0.8343665425551677,0.10454410694914915,0.7733780695221495,0.6761665762274124
landfill,film,24.829614843735442,0.5838549272299264,0,0.08568036087840172,0.4267130831071957,0.6716196015862558,102.19312603984949,0.6708008183936032,1239.7454213929518,160.5259688934429,0.30076118229432475,0.4450589338418094,0.0,0.45383211785845556
landfill,contaminated_paper_plastic,41.74568911244763,10.321374029958875,0,0.1632715392775183,0.24968341397898147,0.5013605189104948,30.0,2.4598515287975933,1012.2548934519393,95.98759574174628,0.40406289580086757,0.6523346828370862,0.8916092095087096,0.7650490415371013
compostable,food,80.06304905082342,24.909690152469175,0,0.029070686030279597,0.03779216823546757,0.2271269734630686,592.7364586709568,0.19309804621575188,619.4800139699717,87.52931855777246,0.7961949197312006,0.17629947693181336,0.677491661945121,0.615069174416585
compostable,paper/cardboard,41.1033004788013,1.1393813600907152,0,0.0,0.06957658947297961,0.2644625708404741,162.5548929069317,0.7779642527293219,931.5669340585171,65.38363037881844,0.656598124230783,0.12916817019261875,0.14515738937147757,0.35388172306754473
recyclable,metal_ferrous,23.85207146295572,689.71487325712,1,0.051479844973845314,0.007224469852209794,0.824430339925728,2316.3903116574197,12.540213113087944,6672.480015729385,474.64664924699457,0.10291660574819315,0.09335937064138694,0.060211650286872545,0.2576451345122423
compostable,food,58.72101834451914,15.73143985946821,0,0.01928717035405033,0.0,0.2431791483565737,361.8490107842341,0.2974368907464048,540.1138394461885,98.71593373571788,0.7387342544817281,0.08431758948935802,0.7643224750495858,0.6831726728715772
landfill,textile,20.950435144275723,0.04889195325753537,0,0.023136267366476487,0.08553142392576568,0.4206450127650785,214.80525863172358,0.1,694.0444623589167,132.484360404655,0.2605228077411024,0.0,0.435927410213399,0.7864268820286489
landfill,contaminated_paper_plastic,45.88731722058196,6.39717108941683,0,0.03373309109828544,0.34910030592594177,0.41316969951318366,204.20923827623352,1.0916079707725674,427.015483762509,163.5982358239315,0.5739185735774404,0.417956604427846,0.7541328345962373,0.7184430103181155
landfill,contaminated_paper_plastic,39.1730689403147,5.622317876922555,0,0.0,0.34491392830344814,0.5120561787357908,30.0,1.366452666742406,913.5132829166895,278.7367775771365,0.18982802937946358,0.27870460627409116,0.5224049101976932,0.7565208352970251
landfill,film,0.0,0.22013992246287445,0,0.07819514542878223,0.3219211065765715,0.4660790694909199,87.51282289351089,1.4016829463645728,1319.3853094162282,189.52487586938508,0.07737860380421102,0.25593249351015496,0.19958001860499888,0.557914244010217
landfill,contaminated_paper_plastic,25.02338943471792,2.665757808415706,0,0.17269632788186157,0.23377563983404037,0.003247558109391091,197.57491838551027,1.2581196194855253,2222.6998406251896,272.582884430091,0.2840907894332553,0.8336711507144903,0.44376792703970447,0.8995595773289933
